       0 - 58 [  ][  ][  ][  ][  ][  ][  ][  ][  ][  ][  ][  ][  ][  ][  ][  ][  ][  ][  ][  ][  ][  ][  ][  ][  ][  ][  ][  ][  ][  ][  ][  ][  ][  ][  ][  ][  ][  ][  ][  ][  ][  ][  ][  ][  ][  ][  ][  ][  ][  ][  ][  ][  ][  ][  ][  ][  ][  ][  ]
               0   1   2   3   4   5   6   7   8   9   10  11  12  13  14  15  16  17  18  19  20  21  22  23  24  25  26  27  28  29  30  31  32  33  34  35  36  37  38  39  40  41  42  43  44  45  46  47  48  49  50  51  52  53  54  55  56  57  58 

     59 - 117 [  ][  ][  ][  ][  ][  ][  ][  ][  ][  ][  ][  ][  ][  ][  ][  ][  ][  ][  ][  ][  ][  ][  ][  ][  ][  ][  ][  ][  ][  ][  ][  ][  ][  ][  ][  ][  ][  ][  ][  ][  ][  ][  ][  ][  ][  ][  ][  ][  ][  ][  ][  ][  ][  ][  ][  ][  ][  ][  ]
               0   1   2   3   4   5   6   7   8   9   10  11  12  13  14  15  16  17  18  19  20  21  22  23  24  25  26  27  28  29  30  31  32  33  34  35  36  37  38  39  40  41  42  43  44  45  46  47  48  49  50  51  52  53  54  55  56  57  58 

    118 - 176 [  ][  ][  ][  ][  ][  ][  ][  ][  ][  ][  ][  ][  ][  ][  ][  ][  ][  ][  ][  ][  ][  ][  ][  ][  ][  ][  ][  ][  ][  ][  ][  ][  ][  ][  ][  ][  ][  ][  ][  ][  ][  ][  ][  ][  ][  ][  ][  ][  ][  ][  ][  ][  ][  ][  ][  ][  ][  ][  ]
               0   1    2   3   4   5   6   7   8   9   10  11  12  13  14  15  16  17  18  19  20  21  22  23  24  25  26  27  28  29  30  31  32  33  34  35  36  37  38  39  40  41  42  43  44  45  46  47  48  49  50  51  52  53  54  55  56  57  58 

    177 - 235 [  ][  ][  ][  ][  ][  ][  ][  ][  ][  ][  ][  ][  ][  ][  ][  ][  ][  ][  ][  ][  ][  ][  ][  ][  ][  ][  ][  ][  ][  ][  ][  ][  ][  ][  ][  ][  ][  ][  ][  ][  ][  ][  ][  ][  ][  ][  ][  ][  ][  ][  ][  ][  ][  ][  ][  ][  ][  ][  ]
               0   1   2   3   4   5   6   7   8   9   10  11  12  13  14  15  16  17  18  19  20  21  22  23  24  25  26  27  28  29  30  31  32  33  34  35  36  37  38  39  40  41  42  43  44  45  46  47  48  49  50  51  52  53  54  55  56  57  58 

    236 - 294 [  ][  ][  ][  ][  ][  ][  ][  ][  ][  ][  ][  ][  ][  ][  ][  ][  ][  ][  ][  ][  ][  ][  ][  ][  ][  ][  ][  ][  ][  ][  ][  ][  ][  ][  ][  ][  ][  ][  ][  ][  ][  ][  ][  ][  ][  ][  ][  ][  ][  ][  ][  ][  ][  ][  ][  ][  ][  ][  ]
               0   1   2   3   4   5   6   7   8   9   10  11  12  13  14  15  16  17  18  19  20  21  22  23  24  25  26  27  28  29  30  31  32  33  34  35  36  37  38  39  40  41  42  43  44  45  46  47  48  49  50  51  52  53  54  55  56  57  58 

    295 - 353 [  ][  ][  ][  ][  ][  ][  ][  ][  ][  ][  ][  ][  ][  ][  ][  ][  ][  ][  ][  ][  ][  ][  ][  ][  ][  ][  ][  ][  ][  ][  ][  ][  ][  ][  ][  ][  ][  ][  ][  ][  ][  ][  ][  ][  ][  ][  ][  ][  ][  ][  ][  ][  ][  ][  ][  ][  ][  ][  ]
               0   1   2   3   4   5   6   7   8   9   10  11  12  13  14  15  16  17  18  19  20  21  22  23  24  25  26  27  28  29  30  31  32  33  34  35  36  37  38  39  40  41  42  43  44  45  46  47  48  49  50  51  52  53  54  55  56  57  58 

    354 - 412 [  ][  ][  ][  ][  ][  ][  ][  ][  ][  ][  ][  ][  ][  ][  ][  ][  ][  ][  ][  ][  ][  ][  ][  ][  ][  ][  ][  ][  ][  ][  ][  ][  ][  ][  ][  ][  ][  ][  ][  ][  ][  ][  ][  ][  ][  ][  ][  ][  ][  ][  ][  ][  ][  ][  ][  ][  ][  ][  ]
               0   1   2   3   4   5   6   7   8   9   10  11  12  13  14  15  16  17  18  19  20  21  22  23  24  25  26  27  28  29  30  31  32  33  34  35  36  37  38  39  40  41  42  43  44  45  46  47  48  49  50  51  52  53  54  55  56  57  58 

    413 - 471 [  ][  ][  ][  ][  ][  ][  ][  ][  ][  ][  ][  ][  ][  ][  ][  ][  ][  ][  ][  ][  ][  ][  ][  ][  ][  ][  ][  ][  ][  ][  ][  ][  ][  ][  ][  ][  ][  ][  ][  ][  ][  ][  ][  ][  ][  ][  ][  ][  ][  ][  ][  ][  ][  ][  ][  ][  ][  ][  ]
               0   1   2   3   4   5   6   7   8   9   10  11  12  13  14  15  16  17  18  19  20  21  22  23  24  25  26  27  28  29  30  31  32  33  34  35  36  37  38  39  40  41  42  43  44  45  46  47  48  49  50  51  52  53  54  55  56  57  58 

    472 - 530 [  ][  ][  ][  ][  ][  ][  ][  ][  ][  ][  ][  ][  ][  ][  ][  ][  ][  ][  ][  ][  ][  ][  ][  ][  ][  ][  ][  ][  ][  ][  ][  ][  ][  ][  ][  ][  ][  ][  ][  ][  ][  ][  ][  ][  ][  ][  ][  ][  ][  ][  ][  ][  ][  ][  ][  ][  ][  ][  ]
               0   1   2   3   4   5   6   7   8   9   10  11  12  13  14  15  16  17  18  19  20  21  22  23  24  25  26  27  28  29  30  31  32  33  34  35  36  37  38  39  40  41  42  43  44  45  46  47  48  49  50  51  52  53  54  55  56  57  58 

    531 - 589 [  ][  ][  ][  ][  ][  ][  ][  ][  ][  ][  ][  ][  ][  ][  ][  ][  ][  ][  ][  ][  ][  ][  ][  ][  ][  ][  ][  ][  ][  ][  ][  ][  ][  ][  ][  ][  ][  ][  ][  ][  ][  ][  ][  ][  ][  ][  ][  ][  ][  ][  ][  ][  ][  ][  ][  ][  ][  ][  ]
               0   1   2   3   4   5   6   7   8   9   10  11  12  13  14  15  16  17  18  19  20  21  22  23  24  25  26  27  28  29  30  31  32  33  34  35  36  37  38  39  40  41  42  43  44  45  46  47  48  49  50  51  52  53  54  55  56  57  58 

    590 - 648 [  ][  ][  ][  ][  ][  ][  ][  ][  ][  ][  ][  ][  ][  ][  ][  ][  ][  ][  ][  ][  ][  ][  ][  ][  ][  ][  ][  ][  ][  ][  ][  ][  ][  ][  ][  ][  ][  ][  ][  ][  ][  ][  ][  ][  ][  ][  ][  ][  ][  ][  ][  ][  ][  ][  ][  ][  ][  ][  ]
               0   1   2   3   4   5   6   7   8   9   10  11  12  13  14  15  16  17  18  19  20  21  22  23  24  25  26  27  28  29  30  31  32  33  34  35  36  37  38  39  40  41  42  43  44  45  46  47  48  49  50  51  52  53  54  55  56  57  58 

    649 - 707 [  ][  ][  ][  ][  ][  ][  ][  ][  ][  ][  ][  ][  ][  ][  ][  ][  ][  ][  ][  ][  ][  ][  ][  ][  ][  ][  ][  ][  ][  ][  ][  ][  ][  ][  ][  ][  ][  ][  ][  ][  ][  ][  ][  ][  ][  ][  ][  ][  ][  ][  ][  ][  ][  ][  ][  ][  ][  ][  ]
               0   1   2   3   4   5   6   7   8   9   10  11  12  13  14  15  16  17  18  19  20  21  22  23  24  25  26  27  28  29  30  31  32  33  34  35  36  37  38  39  40  41  42  43  44  45  46  47  48  49  50  51  52  53  54  55  56  57  58 

    708 - 766 [  ][  ][  ][  ][  ][  ][  ][  ][  ][  ][  ][  ][  ][  ][  ][  ][  ][  ][  ][  ][  ][  ][  ][  ][  ][  ][  ][  ][  ][  ][  ][  ][  ][  ][  ][  ][  ][  ][  ][  ][  ][  ][  ][  ][  ][  ][  ][  ][  ][  ][  ][  ][  ][  ][  ][  ][  ][  ][  ]
               0   1   2   3   4   5   6   7   8   9   10  11  12  13  14  15  16  17  18  19  20  21  22  23  24  25  26  27  28  29  30  31  32  33  34  35  36  37  38  39  40  41  42  43  44  45  46  47  48  49  50  51  52  53  54  55  56  57  58 

    767 - 825 [  ][  ][  ][  ][  ][  ][  ][  ][  ][  ][  ][  ][  ][  ][  ][  ][  ][  ][  ][  ][  ][  ][  ][  ][  ][  ][  ][  ][  ][  ][  ][  ][  ][  ][  ][  ][  ][  ][  ][  ][  ][  ][  ][  ][  ][  ][  ][  ][  ][  ][  ][  ][  ][  ][  ][  ][  ][  ][  ]
               0   1   2   3   4   5   6   7   8   9   10  11  12  13  14  15  16  17  18  19  20  21  22  23  24  25  26  27  28  29  30  31  32  33  34  35  36  37  38  39  40  41  42  43  44  45  46  47  48  49  50  51  52  53  54  55  56  57  58 

    826 - 884 [  ][  ][  ][  ][  ][  ][  ][  ][  ][  ][  ][  ][  ][  ][  ][  ][  ][  ][  ][  ][  ][  ][  ][  ][  ][  ][  ][  ][  ][  ][  ][  ][  ][  ][  ][  ][  ][  ][  ][  ][  ][  ][  ][  ][  ][  ][  ][  ][  ][  ][  ][  ][  ][  ][  ][  ][  ][  ][  ]
               0   1   2   3   4   5   6   7   8   9   10  11  12  13  14  15  16  17  18  19  20  21  22  23  24  25  26  27  28  29  30  31  32  33  34  35  36  37  38  39  40  41  42  43  44  45  46  47  48  49  50  51  52  53  54  55  56  57  58 

    885 - 943 [  ][  ][  ][  ][  ][  ][  ][  ][  ][  ][  ][  ][  ][  ][  ][  ][  ][  ][  ][  ][  ][  ][  ][  ][  ][  ][  ][  ][  ][  ][  ][  ][  ][  ][  ][  ][  ][  ][  ][  ][  ][  ][  ][  ][  ][  ][  ][  ][  ][  ][  ][  ][  ][  ][  ][  ][  ][  ][  ]
               0   1   2   3   4   5   6   7   8   9   10  11  12  13  14  15  16  17  18  19  20  21  22  23  24  25  26  27  28  29  30  31  32  33  34  35  36  37  38  39  40  41  42  43  44  45  46  47  48  49  50  51  52  53  54  55  56  57  58 

   944 - 1002 [  ][  ][  ][  ][  ][  ][  ][  ][  ][  ][  ][  ][  ][  ][  ][  ][  ][  ][  ][  ][  ][  ][  ][  ][  ][  ][  ][  ][  ][  ][  ][  ][  ][  ][  ][  ][  ][  ][  ][  ][  ][  ][  ][  ][  ][  ][  ][  ][  ][  ][  ][  ][  ][  ][  ][  ][  ][  ][  ]
               0   1   2   3   4   5   6   7   8   9   10  11  12  13  14  15  16  17  18  19  20  21  22  23  24  25  26  27  28  29  30  31  32  33  34  35  36  37  38  39  40  41  42  43  44  45  46  47  48  49  50  51  52  53  54  55  56  57  58 

  1003 - 1061 [  ][  ][  ][  ][  ][  ][  ][  ][  ][  ][  ][  ][  ][  ][  ][  ][  ][  ][  ][  ][  ][  ][  ][  ][  ][  ][  ][  ][  ][  ][  ][  ][  ][  ][  ][  ][  ][  ][  ][  ][  ][  ][  ][  ][  ][  ][  ][  ][  ][  ][  ][  ][  ][  ][  ][  ][  ][  ][  ]
               0   1   2   3   4   5   6   7   8   9   10  11  12  13  14  15  16  17  18  19  20  21  22  23  24  25  26  27  28  29  30  31  32  33  34  35  36  37  38  39  40  41  42  43  44  45  46  47  48  49  50  51  52  53  54  55  56  57  58 

  1062 - 1120 [  ][  ][  ][  ][  ][  ][  ][  ][  ][  ][  ][  ][  ][  ][  ][  ][  ][  ][  ][  ][  ][  ][  ][  ][  ][  ][  ][  ][  ][  ][  ][  ][  ][  ][  ][  ][  ][  ][  ][  ][  ][  ][  ][  ][  ][  ][  ][  ][  ][  ][  ][  ][  ][  ][  ][  ][  ][  ][  ]
               0   1   2   3   4   5   6   7   8   9   10  11  12  13  14  15  16  17  18  19  20  21  22  23  24  25  26  27  28  29  30  31  32  33  34  35  36  37  38  39  40  41  42  43  44  45  46  47  48  49  50  51  52  53  54  55  56  57  58 

  1121 - 1179 [  ][  ][  ][  ][  ][  ][  ][  ][  ][  ][  ][  ][  ][  ][  ][  ][  ][  ][  ][  ][  ][  ][  ][  ][  ][  ][  ][  ][  ][  ][  ][  ][  ][  ][  ][  ][  ][  ][  ][  ][  ][  ][  ][  ][  ][  ][  ][  ][  ][  ][  ][  ][  ][  ][  ][  ][  ][  ][  ]
               0   1   2   3   4   5   6   7   8   9   10  11  12  13  14  15  16  17  18  19  20  21  22  23  24  25  26  27  28  29  30  31  32  33  34  35  36  37  38  39  40  41  42  43  44  45  46  47  48  49  50  51  52  53  54  55  56  57  58 

  1180 - 1238 [  ][  ][  ][  ][  ][  ][  ][  ][  ][  ][  ][  ][  ][  ][  ][  ][  ][  ][  ][  ][  ][  ][  ][  ][  ][  ][  ][  ][  ][  ][  ][  ][  ][  ][  ][  ][  ][  ][  ][  ][  ][  ][  ][  ][  ][  ][  ][  ][  ][  ][  ][  ][  ][  ][  ][  ][  ][  ][  ]
               0   1   2   3   4   5   6   7   8   9   10  11  12  13  14  15  16  17  18  19  20  21  22  23  24  25  26  27  28  29  30  31  32  33  34  35  36  37  38  39  40  41  42  43  44  45  46  47  48  49  50  51  52  53  54  55  56  57  58 

  1239 - 1297 [  ][  ][  ][  ][  ][  ][  ][  ][  ][  ][  ][  ][  ][  ][  ][  ][  ][  ][  ][  ][  ][  ][  ][  ][  ][  ][  ][  ][  ][  ][  ][  ][  ][  ][  ][  ][  ][  ][  ][  ][  ][  ][  ][  ][  ][  ][  ][  ][  ][  ][  ][  ][  ][  ][  ][  ][  ][  ][  ]
               0   1   2   3   4   5   6   7   8   9   10  11  12  13  14  15  16  17  18  19  20  21  22  23  24  25  26  27  28  29  30  31  32  33  34  35  36  37  38  39  40  41  42  43  44  45  46  47  48  49  50  51  52  53  54  55  56  57  58 

  1298 - 1356 [  ][  ][  ][  ][  ][  ][  ][  ][  ][  ][  ][  ][  ][  ][  ][  ][  ][  ][  ][  ][  ][  ][  ][  ][  ][  ][  ][  ][  ][  ][  ][  ][  ][  ][  ][  ][  ][  ][  ][  ][  ][  ][  ][  ][  ][  ][  ][  ][  ][  ][  ][  ][  ][  ][  ][  ][  ][  ][  ]
               0   1   2   3   4   5   6   7   8   9   10  11  12  13  14  15  16  17  18  19  20  21  22  23  24  25  26  27  28  29  30  31  32  33  34  35  36  37  38  39  40  41  42  43  44  45  46  47  48  49  50  51  52  53  54  55  56  57  58 

  1357 - 1415 [  ][  ][  ][  ][  ][  ][  ][  ][  ][  ][  ][  ][  ][  ][  ][  ][  ][  ][  ][  ][  ][  ][  ][  ][  ][  ][  ][  ][  ][  ][  ][  ][  ][  ][  ][  ][  ][  ][  ][  ][  ][  ][  ][  ][  ][  ][  ][  ][  ][  ][  ][  ][  ][  ][  ][  ][  ][  ][  ]
               0   1   2   3   4   5   6   7   8   9   10  11  12  13  14  15  16  17  18  19  20  21  22  23  24  25  26  27  28  29  30  31  32  33  34  35  36  37  38  39  40  41  42  43  44  45  46  47  48  49  50  51  52  53  54  55  56  57  58 

  1416 - 1474 [  ][  ][  ][  ][  ][  ][  ][  ][  ][  ][  ][  ][  ][  ][  ][  ][  ][  ][  ][  ][  ][  ][  ][  ][  ][  ][  ][  ][  ][  ][  ][  ][  ][  ][  ][  ][  ][  ][  ][  ][  ][  ][  ][  ][  ][  ][  ][  ][  ][  ][  ][  ][  ][  ][  ][  ][  ][  ][  ]
               0   1   2   3   4   5   6   7   8   9   10  11  12  13  14  15  16  17  18  19  20  21  22  23  24  25  26  27  28  29  30  31  32  33  34  35  36  37  38  39  40  41  42  43  44  45  46  47  48  49  50  51  52  53  54  55  56  57  58 

  1475 - 1533 [  ][  ][  ][  ][  ][  ][  ][  ][  ][  ][  ][  ][  ][  ][  ][  ][  ][  ][  ][  ][  ][  ][  ][  ][  ][  ][  ][  ][  ][  ][  ][  ][  ][  ][  ][  ][  ][  ][  ][  ][  ][  ][  ][  ][  ][  ][  ][  ][  ][  ][  ][  ][  ][  ][  ][  ][  ][  ][  ]
               0   1   2   3   4   5   6   7   8   9   10  11  12  13  14  15  16  17  18  19  20  21  22  23  24  25  26  27  28  29  30  31  32  33  34  35  36  37  38  39  40  41  42  43  44  45  46  47  48  49  50  51  52  53  54  55  56  57  58 

  1534 - 1592 [  ][  ][  ][  ][  ][  ][  ][  ][  ][  ][  ][  ][  ][  ][  ][  ][  ][  ][  ][  ][  ][  ][  ][  ][  ][  ][  ][  ][  ][  ][  ][  ][  ][  ][  ][  ][  ][  ][  ][  ][  ][  ][  ][  ][  ][  ][  ][  ][  ][  ][  ][  ][  ][  ][  ][  ][  ][  ][  ]
               0   1   2   3   4   5   6   7   8   9   10  11  12  13  14  15  16  17  18  19  20  21  22  23  24  25  26  27  28  29  30  31  32  33  34  35  36  37  38  39  40  41  42  43  44  45  46  47  48  49  50  51  52  53  54  55  56  57  58 

  1593 - 1651 [  ][  ][  ][  ][  ][  ][  ][  ][  ][  ][  ][  ][  ][  ][  ][  ][  ][  ][  ][  ][  ][  ][  ][  ][  ][  ][  ][  ][  ][  ][  ][  ][  ][  ][  ][  ][  ][  ][  ][  ][  ][  ][  ][  ][  ][  ][  ][  ][  ][  ][  ][  ][  ][  ][  ][  ][  ][  ][  ]
               0   1   2   3   4   5   6   7   8   9   10  11  12  13  14  15  16  17  18  19  20  21  22  23  24  25  26  27  28  29  30  31  32  33  34  35  36  37  38  39  40  41  42  43  44  45  46  47  48  49  50  51  52  53  54  55  56  57  58 

  1652 - 1710 [  ][  ][  ][  ][  ][  ][  ][  ][  ][  ][  ][  ][  ][  ][  ][  ][  ][  ][  ][  ][  ][  ][  ][  ][  ][  ][  ][  ][  ][  ][  ][  ][  ][  ][  ][  ][  ][  ][  ][  ][  ][  ][  ][  ][  ][  ][  ][  ][  ][  ][  ][  ][  ][  ][  ][  ][  ][  ][  ]
               0   1   2   3   4   5   6   7   8   9   10  11  12  13  14  15  16  17  18  19  20  21  22  23  24  25  26  27  28  29  30  31  32  33  34  35  36  37  38  39  40  41  42  43  44  45  46  47  48  49  50  51  52  53  54  55  56  57  58 

  1711 - 1769 [  ][  ][  ][  ][  ][  ][  ][  ][  ][  ][  ][  ][  ][  ][  ][  ][  ][  ][  ][  ][  ][  ][  ][  ][  ][  ][  ][  ][  ][  ][  ][  ][  ][  ][  ][  ][  ][  ][  ][  ][  ][  ][  ][  ][  ][  ][  ][  ][  ][  ][  ][  ][  ][  ][  ][  ][  ][  ][  ]
               0   1   2   3   4   5   6   7   8   9   10  11  12  13  14  15  16  17  18  19  20  21  22  23  24  25  26  27  28  29  30  31  32  33  34  35  36  37  38  39  40  41  42  43  44  45  46  47  48  49  50  51  52  53  54  55  56  57  58 

  1770 - 1828 [  ][  ][  ][  ][  ][  ][  ][  ][  ][  ][  ][  ][  ][  ][  ][  ][  ][  ][  ][  ][  ][  ][  ][  ][  ][  ][  ][  ][  ][  ][  ][  ][  ][  ][  ][  ][  ][  ][  ][  ][  ][  ][  ][  ][  ][  ][  ][  ][  ][  ][  ][  ][  ][  ][  ][  ][  ][  ][  ]
               0   1   2   3   4   5   6   7   8   9   10  11  12  13  14  15  16  17  18  19  20  21  22  23  24  25  26  27  28  29  30  31  32  33  34  35  36  37  38  39  40  41  42  43  44  45  46  47  48  49  50  51  52  53  54  55  56  57  58 

  1829 - 1887 [  ][  ][  ][  ][  ][  ][  ][  ][  ][  ][  ][  ][  ][  ][  ][  ][  ][  ][  ][  ][  ][  ][  ][  ][  ][  ][  ][  ][  ][  ][  ][  ][  ][  ][  ][  ][  ][  ][  ][  ][  ][  ][  ][  ][  ][  ][  ][  ][  ][  ][  ][  ][  ][  ][  ][  ][  ][  ][  ]
               0   1   2   3   4   5   6   7   8   9   10  11  12  13  14  15  16  17  18  19  20  21  22  23  24  25  26  27  28  29  30  31  32  33  34  35  36  37  38  39  40  41  42  43  44  45  46  47  48  49  50  51  52  53  54  55  56  57  58 

  1888 - 1946 [  ][  ][  ][  ][  ][  ][  ][  ][  ][  ][  ][  ][  ][  ][  ][  ][  ][  ][  ][  ][  ][  ][  ][  ][  ][  ][  ][  ][  ][  ][  ][  ][  ][  ][  ][  ][  ][  ][  ][  ][  ][  ][  ][  ][  ][  ][  ][  ][  ][  ][  ][  ][  ][  ][  ][  ][  ][  ][  ]
               0   1   2   3   4   5   6   7   8   9   10  11  12  13  14  15  16  17  18  19  20  21  22  23  24  25  26  27  28  29  30  31  32  33  34  35  36  37  38  39  40  41  42  43  44  45  46  47  48  49  50  51  52  53  54  55  56  57  58 

  1947 - 2005 [  ][  ][  ][  ][  ][  ][  ][  ][  ][  ][  ][  ][  ][  ][  ][  ][  ][  ][  ][  ][  ][  ][  ][  ][  ][  ][  ][  ][  ][  ][  ][  ][  ][  ][  ][  ][  ][  ][  ][  ][  ][  ][  ][  ][  ][  ][  ][  ][  ][  ][  ][  ][  ][  ][  ][  ][  ][  ][  ]
               0   1   2   3   4   5   6   7   8   9   10  11  12  13  14  15  16  17  18  19  20  21  22  23  24  25  26  27  28  29  30  31  32  33  34  35  36  37  38  39  40  41  42  43  44  45  46  47  48  49  50  51  52  53  54  55  56  57  58 

  2006 - 2064 [  ][  ][  ][  ][  ][  ][  ][  ][  ][  ][  ][  ][  ][  ][  ][  ][  ][  ][  ][  ][  ][  ][  ][  ][  ][  ][  ][  ][  ][  ][  ][  ][  ][  ][  ][  ][  ][  ][  ][  ][  ][  ][  ][  ][  ][  ][  ][  ][  ][  ][  ][  ][  ][  ][  ][  ][  ][  ][  ]
               0   1   2   3   4   5   6   7   8   9   10  11  12  13  14  15  16  17  18  19  20  21  22  23  24  25  26  27  28  29  30  31  32  33  34  35  36  37  38  39  40  41  42  43  44  45  46  47  48  49  50  51  52  53  54  55  56  57  58 

  2065 - 2123 [  ][  ][  ][  ][  ][  ][  ][  ][  ][  ][  ][  ][  ][  ][  ][  ][  ][  ][  ][  ][  ][  ][  ][  ][  ][  ][  ][  ][  ][  ][  ][  ][  ][  ][  ][  ][  ][  ][  ][  ][  ][  ][  ][  ][  ][  ][  ][  ][  ][  ][  ][  ][  ][  ][  ][  ][  ][  ][  ]
               0   1   2   3   4   5   6   7   8   9   10  11  12  13  14  15  16  17  18  19  20  21  22  23  24  25  26  27  28  29  30  31  32  33  34  35  36  37  38  39  40  41  42  43  44  45  46  47  48  49  50  51  52  53  54  55  56  57  58 

  2124 - 2182 [  ][  ][  ][  ][  ][  ][  ][  ][  ][  ][  ][  ][  ][  ][  ][  ][  ][  ][  ][  ][  ][  ][  ][  ][  ][  ][  ][  ][  ][  ][  ][  ][  ][  ][  ][  ][  ][  ][  ][  ][  ][  ][  ][  ][  ][  ][  ][  ][  ][  ][  ][  ][  ][  ][  ][  ][  ][  ][  ]
               0   1   2   3   4   5   6   7   8   9   10  11  12  13  14  15  16  17  18  19  20  21  22  23  24  25  26  27  28  29  30  31  32  33  34  35  36  37  38  39  40  41  42  43  44  45  46  47  48  49  50  51  52  53  54  55  56  57  58 

  2183 - 2241 [  ][  ][  ][  ][  ][  ][  ][  ][  ][  ][  ][  ][  ][  ][  ][  ][  ][  ][  ][  ][  ][  ][  ][  ][  ][  ][  ][  ][  ][  ][  ][  ][  ][  ][  ][  ][  ][  ][  ][  ][  ][  ][  ][  ][  ][  ][  ][  ][  ][  ][  ][  ][  ][  ][  ][  ][  ][  ][  ]
               0   1   2   3   4   5   6   7   8   9   10  11  12  13  14  15  16  17  18  19  20  21  22  23  24  25  26  27  28  29  30  31  32  33  34  35  36  37  38  39  40  41  42  43  44  45  46  47  48  49  50  51  52  53  54  55  56  57  58 

  2242 - 2300 [  ][  ][  ][  ][  ][  ][  ][  ][  ][  ][  ][  ][  ][  ][  ][  ][  ][  ][  ][  ][  ][  ][  ][  ][  ][  ][  ][  ][  ][  ][  ][  ][  ][  ][  ][  ][  ][  ][  ][  ][  ][  ][  ][  ][  ][  ][  ][  ][  ][  ][  ][  ][  ][  ][  ][  ][  ][  ][  ]
               0   1   2   3   4   5   6   7   8   9   10  11  12  13  14  15  16  17  18  19  20  21  22  23  24  25  26  27  28  29  30  31  32  33  34  35  36  37  38  39  40  41  42  43  44  45  46  47  48  49  50  51  52  53  54  55  56  57  58 

  2301 - 2359 [  ][  ][  ][  ][  ][  ][  ][  ][  ][  ][  ][  ][  ][  ][  ][  ][  ][  ][  ][  ][  ][  ][  ][  ][  ][  ][  ][  ][  ][  ][  ][  ][  ][  ][  ][  ][  ][  ][  ][  ][  ][  ][  ][  ][  ][  ][  ][  ][  ][  ][  ][  ][  ][  ][  ][  ][  ][  ][  ]
               0   1   2   3   4   5   6   7   8   9   10  11  12  13  14  15  16  17  18  19  20  21  22  23  24  25  26  27  28  29  30  31  32  33  34  35  36  37  38  39  40  41  42  43  44  45  46  47  48  49  50  51  52  53  54  55  56  57  58 

  2360 - 2418 [  ][  ][  ][  ][  ][  ][  ][  ][  ][  ][  ][  ][  ][  ][  ][  ][  ][  ][  ][  ][  ][  ][  ][  ][  ][  ][  ][  ][  ][  ][  ][  ][  ][  ][  ][  ][  ][  ][  ][  ][  ][  ][  ][  ][  ][  ][  ][  ][  ][  ][  ][  ][  ][  ][  ][  ][  ][  ][  ]
               0   1   2   3   4   5   6   7   8   9   10  11  12  13  14  15  16  17  18  19  20  21  22  23  24  25  26  27  28  29  30  31  32  33  34  35  36  37  38  39  40  41  42  43  44  45  46  47  48  49  50  51  52  53  54  55  56  57  58 

  2419 - 2477 [  ][  ][  ][  ][  ][  ][  ][  ][  ][  ][  ][  ][  ][  ][  ][  ][  ][  ][  ][  ][  ][  ][  ][  ][  ][  ][  ][  ][  ][  ][  ][  ][  ][  ][  ][  ][  ][  ][  ][  ][  ][  ][  ][  ][  ][  ][  ][  ][  ][  ][  ][  ][  ][  ][  ][  ][  ][  ][  ]
               0   1   2   3   4   5   6   7   8   9   10  11  12  13  14  15  16  17  18  19  20  21  22  23  24  25  26  27  28  29  30  31  32  33  34  35  36  37  38  39  40  41  42  43  44  45  46  47  48  49  50  51  52  53  54  55  56  57  58 

  2478 - 2536 [  ][  ][  ][  ][  ][  ][  ][  ][  ][  ][  ][  ][  ][  ][  ][  ][  ][  ][  ][  ][  ][  ][  ][  ][  ][  ][  ][  ][  ][  ][  ][  ][  ][  ][  ][  ][  ][  ][  ][  ][  ][  ][  ][  ][  ][  ][  ][  ][  ][  ][  ][  ][  ][  ][  ][  ][  ][  ][  ]
               0   1   2   3   4   5   6   7   8   9   10  11  12  13  14  15  16  17  18  19  20  21  22  23  24  25  26  27  28  29  30  31  32  33  34  35  36  37  38  39  40  41  42  43  44  45  46  47  48  49  50  51  52  53  54  55  56  57  58 

  2537 - 2595 [  ][  ][  ][  ][  ][  ][  ][  ][  ][  ][  ][  ][  ][  ][  ][  ][  ][  ][  ][  ][  ][  ][  ][  ][  ][  ][  ][  ][  ][  ][  ][  ][  ][  ][  ][  ][  ][  ][  ][  ][  ][  ][  ][  ][  ][  ][  ][  ][  ][  ][  ][  ][  ][  ][  ][  ][  ][  ][  ]
               0   1   2   3   4   5   6   7   8   9   10  11  12  13  14  15  16  17  18  19  20  21  22  23  24  25  26  27  28  29  30  31  32  33  34  35  36  37  38  39  40  41  42  43  44  45  46  47  48  49  50  51  52  53  54  55  56  57  58 

  2596 - 2654 [  ][  ][  ][  ][  ][  ][  ][  ][  ][  ][  ][  ][  ][  ][  ][  ][  ][  ][  ][  ][  ][  ][  ][  ][  ][  ][  ][  ][  ][  ][  ][  ][  ][  ][  ][  ][  ][  ][  ][  ][  ][  ][  ][  ][  ][  ][  ][  ][  ][  ][  ][  ][  ][  ][  ][  ][  ][  ][  ]
               0   1   2   3   4   5   6   7   8   9   10  11  12  13  14  15  16  17  18  19  20  21  22  23  24  25  26  27  28  29  30  31  32  33  34  35  36  37  38  39  40  41  42  43  44  45  46  47  48  49  50  51  52  53  54  55  56  57  58 

  2655 - 2713 [  ][  ][  ][  ][  ][  ][  ][  ][  ][  ][  ][  ][  ][  ][  ][  ][  ][  ][  ][  ][  ][  ][  ][  ][  ][  ][  ][  ][  ][  ][  ][  ][  ][  ][  ][  ][  ][  ][  ][  ][  ][  ][  ][  ][  ][  ][  ][  ][  ][  ][  ][  ][  ][  ][  ][  ][  ][  ][  ]
               0   1   2   3   4   5   6   7   8   9   10  11  12  13  14  15  16  17  18  19  20  21  22  23  24  25  26  27  28  29  30  31  32  33  34  35  36  37  38  39  40  41  42  43  44  45  46  47  48  49  50  51  52  53  54  55  56  57  58 

  2714 - 2772 [  ][  ][  ][  ][  ][  ][  ][  ][  ][  ][  ][  ][  ][  ][  ][  ][  ][  ][  ][  ][  ][  ][  ][  ][  ][  ][  ][  ][  ][  ][  ][  ][  ][  ][  ][  ][  ][  ][  ][  ][  ][  ][  ][  ][  ][  ][  ][  ][  ][  ][  ][  ][  ][  ][  ][  ][  ][  ][  ]
               0   1   2   3   4   5   6   7   8   9   10  11  12  13  14  15  16  17  18  19  20  21  22  23  24  25  26  27  28  29  30  31  32  33  34  35  36  37  38  39  40  41  42  43  44  45  46  47  48  49  50  51  52  53  54  55  56  57  58 

  2773 - 2831 [  ][  ][  ][  ][  ][  ][  ][  ][  ][  ][  ][  ][  ][  ][  ][  ][  ][  ][  ][  ][  ][  ][  ][  ][  ][  ][  ][  ][  ][  ][  ][  ][  ][  ][  ][  ][  ][  ][  ][  ][  ][  ][  ][  ][  ][  ][  ][  ][  ][  ][  ][  ][  ][  ][  ][  ][  ][  ][  ]
               0   1   2   3   4   5   6   7   8   9   10  11  12  13  14  15  16  17  18  19  20  21  22  23  24  25  26  27  28  29  30  31  32  33  34  35  36  37  38  39  40  41  42  43  44  45  46  47  48  49  50  51  52  53  54  55  56  57  58 

  2832 - 2890 [  ][  ][  ][  ][  ][  ][  ][  ][  ][  ][  ][  ][  ][  ][  ][  ][  ][  ][  ][  ][  ][  ][  ][  ][  ][  ][  ][  ][  ][  ][  ][  ][  ][  ][  ][  ][  ][  ][  ][  ][  ][  ][  ][  ][  ][  ][  ][  ][  ][  ][  ][  ][  ][  ][  ][  ][  ][  ][  ]
               0   1   2   3   4   5   6   7   8   9   10  11  12  13  14  15  16  17  18  19  20  21  22  23  24  25  26  27  28  29  30  31  32  33  34  35  36  37  38  39  40  41  42  43  44  45  46  47  48  49  50  51  52  53  54  55  56  57  58 

  2891 - 2949 [  ][  ][  ][  ][  ][  ][  ][  ][  ][  ][  ][  ][  ][  ][  ][  ][  ][  ][  ][  ][  ][  ][  ][  ][  ][  ][  ][  ][  ][  ][  ][  ][  ][  ][  ][  ][  ][  ][  ][  ][  ][  ][  ][  ][  ][  ][  ][  ][  ][  ][  ][  ][  ][  ][  ][  ][  ][  ][  ]
               0   1   2   3   4   5   6   7   8   9   10  11  12  13  14  15  16  17  18  19  20  21  22  23  24  25  26  27  28  29  30  31  32  33  34  35  36  37  38  39  40  41  42  43  44  45  46  47  48  49  50  51  52  53  54  55  56  57  58 

  2950 - 3008 [  ][  ][  ][  ][  ][  ][  ][  ][  ][  ][  ][  ][  ][  ][  ][  ][  ][  ][  ][  ][  ][  ][  ][  ][  ][  ][  ][  ][  ][  ][  ][  ][  ][  ][  ][  ][  ][  ][  ][  ][  ][  ][  ][  ][  ][  ][  ][  ][  ][  ][  ][  ][  ][  ][  ][  ][  ][  ][  ]
               0   1   2   3   4   5   6   7   8   9   10  11  12  13  14  15  16  17  18  19  20  21  22  23  24  25  26  27  28  29  30  31  32  33  34  35  36  37  38  39  40  41  42  43  44  45  46  47  48  49  50  51  52  53  54  55  56  57  58 

  3009 - 3067 [  ][  ][  ][  ][  ][  ][  ][  ][  ][  ][  ][  ][  ][  ][  ][  ][  ][  ][  ][  ][  ][  ][  ][  ][  ][  ][  ][  ][  ][  ][  ][  ][  ][  ][  ][  ][  ][  ][  ][  ][  ][  ][  ][  ][  ][  ][  ][  ][  ][  ][  ][  ][  ][  ][  ][  ][  ][  ][  ]
               0   1   2   3   4   5   6   7   8   9   10  11  12  13  14  15  16  17  18  19  20  21  22  23  24  25  26  27  28  29  30  31  32  33  34  35  36  37  38  39  40  41  42  43  44  45  46  47  48  49  50  51  52  53  54  55  56  57  58 

  3068 - 3126 [  ][  ][  ][  ][  ][  ][  ][  ][  ][  ][  ][  ][  ][  ][  ][  ][  ][  ][  ][  ][  ][  ][  ][  ][  ][  ][  ][  ][  ][  ][  ][  ][  ][  ][  ][  ][  ][  ][  ][  ][  ][  ][  ][  ][  ][  ][  ][  ][  ][  ][  ][  ][  ][  ][  ][  ][  ][  ][  ]
               0   1   2   3   4   5   6   7   8   9   10  11  12  13  14  15  16  17  18  19  20  21  22  23  24  25  26  27  28  29  30  31  32  33  34  35  36  37  38  39  40  41  42  43  44  45  46  47  48  49  50  51  52  53  54  55  56  57  58 

  3127 - 3185 [  ][  ][  ][  ][  ][  ][  ][  ][  ][  ][  ][  ][  ][  ][  ][  ][  ][  ][  ][  ][  ][  ][  ][  ][  ][  ][  ][  ][  ][  ][  ][  ][  ][  ][  ][  ][  ][  ][  ][  ][  ][  ][  ][  ][  ][  ][  ][  ][  ][  ][  ][  ][  ][  ][  ][  ][  ][  ][  ]
               0   1   2   3   4   5   6   7   8   9   10  11  12  13  14  15  16  17  18  19  20  21  22  23  24  25  26  27  28  29  30  31  32  33  34  35  36  37  38  39  40  41  42  43  44  45  46  47  48  49  50  51  52  53  54  55  56  57  58 

  3186 - 3244 [  ][  ][  ][  ][  ][  ][  ][  ][  ][  ][  ][  ][  ][  ][  ][  ][  ][  ][  ][  ][  ][  ][  ][  ][  ][  ][  ][  ][  ][  ][  ][  ][  ][  ][  ][  ][  ][  ][  ][  ][  ][  ][  ][  ][  ][  ][  ][  ][  ][  ][  ][  ][  ][  ][  ][  ][  ][  ][  ]
               0   1   2   3   4   5   6   7   8   9   10  11  12  13  14  15  16  17  18  19  20  21  22  23  24  25  26  27  28  29  30  31  32  33  34  35  36  37  38  39  40  41  42  43  44  45  46  47  48  49  50  51  52  53  54  55  56  57  58 

  3245 - 3303 [  ][  ][  ][  ][  ][  ][  ][  ][  ][  ][  ][  ][  ][  ][  ][  ][  ][  ][  ][  ][  ][  ][  ][  ][  ][  ][  ][  ][  ][  ][  ][  ][  ][  ][  ][  ][  ][  ][  ][  ][  ][  ][  ][  ][  ][  ][  ][  ][  ][  ][  ][  ][  ][  ][  ][  ][  ][  ][  ]
               0   1   2   3   4   5   6   7   8   9   10  11  12  13  14  15  16  17  18  19  20  21  22  23  24  25  26  27  28  29  30  31  32  33  34  35  36  37  38  39  40  41  42  43  44  45  46  47  48  49  50  51  52  53  54  55  56  57  58 

  3304 - 3362 [  ][  ][  ][  ][  ][  ][  ][  ][  ][  ][  ][  ][  ][  ][  ][  ][  ][  ][  ][  ][  ][  ][  ][  ][  ][  ][  ][  ][  ][  ][  ][  ][  ][  ][  ][  ][  ][  ][  ][  ][  ][  ][  ][  ][  ][  ][  ][  ][  ][  ][  ][  ][  ][  ][  ][  ][  ][  ][  ]
               0   1   2   3   4   5   6   7   8   9   10  11  12  13  14  15  16  17  18  19  20  21  22  23  24  25  26  27  28  29  30  31  32  33  34  35  36  37  38  39  40  41  42  43  44  45  46  47  48  49  50  51  52  53  54  55  56  57  58 

  3363 - 3421 [  ][  ][  ][  ][  ][  ][  ][  ][  ][  ][  ][  ][  ][  ][  ][  ][  ][  ][  ][  ][  ][  ][  ][  ][  ][  ][  ][  ][  ][  ][  ][  ][  ][  ][  ][  ][  ][  ][  ][  ][  ][  ][  ][  ][  ][  ][  ][  ][  ][  ][  ][  ][  ][  ][  ][  ][  ][  ][  ]
               0   1   2   3   4   5   6   7   8   9   10  11  12  13  14  15  16  17  18  19  20  21  22  23  24  25  26  27  28  29  30  31  32  33  34  35  36  37  38  39  40  41  42  43  44  45  46  47  48  49  50  51  52  53  54  55  56  57  58 

  3422 - 3480 [  ][  ][  ][  ][  ][  ][  ][  ][  ][  ][  ][  ][  ][  ][  ][  ][  ][  ][  ][  ][  ][  ][  ][  ][  ][  ][  ][  ][  ][  ][  ][  ][  ][  ][  ][  ][  ][  ][  ][  ][  ][  ][  ][  ][  ][  ][  ][  ][  ][  ][  ][  ][  ][  ][  ][  ][  ][  ][  ]
               0   1   2   3   4   5   6   7   8   9   10  11  12  13  14  15  16  17  18  19  20  21  22  23  24  25  26  27  28  29  30  31  32  33  34  35  36  37  38  39  40  41  42  43  44  45  46  47  48  49  50  51  52  53  54  55  56  57  58 

  3481 - 3539 [  ][  ][  ][  ][  ][  ][  ][  ][  ][  ][  ][  ][  ][  ][  ][  ][  ][  ][  ][  ][  ][  ][  ][  ][  ][  ][  ][  ][  ][  ][  ][  ][  ][  ][  ][  ][  ][  ][  ][  ][  ][  ][  ][  ][  ][  ][  ][  ][  ][  ][  ][  ][  ][  ][  ][  ][  ][  ][  ]
               0   1   2   3   4   5   6   7   8   9   10  11  12  13  14  15  16  17  18  19  20  21  22  23  24  25  26  27  28  29  30  31  32  33  34  35  36  37  38  39  40  41  42  43  44  45  46  47  48  49  50  51  52  53  54  55  56  57  58 

  3540 - 3598 [  ][  ][  ][  ][  ][  ][  ][  ][  ][  ][  ][  ][  ][  ][  ][  ][  ][  ][  ][  ][  ][  ][  ][  ][  ][  ][  ][  ][  ][  ][  ][  ][  ][  ][  ][  ][  ][  ][  ][  ][  ][  ][  ][  ][  ][  ][  ][  ][  ][  ][  ][  ][  ][  ][  ][  ][  ][  ][  ]
               0   1   2   3   4   5   6   7   8   9   10  11  12  13  14  15  16  17  18  19  20  21  22  23  24  25  26  27  28  29  30  31  32  33  34  35  36  37  38  39  40  41  42  43  44  45  46  47  48  49  50  51  52  53  54  55  56  57  58 

  3599 - 3657 [  ][  ][  ][  ][  ][  ][  ][  ][  ][  ][  ][  ][  ][  ][  ][  ][  ][  ][  ][  ][  ][  ][  ][  ][  ][  ][  ][  ][  ][  ][  ][  ][  ][  ][  ][  ][  ][  ][  ][  ][  ][  ][  ][  ][  ][  ][  ][  ][  ][  ][  ][  ][  ][  ][  ][  ][  ][  ][  ]
               0   1   2   3   4   5   6   7   8   9   10  11  12  13  14  15  16  17  18  19  20  21  22  23  24  25  26  27  28  29  30  31  32  33  34  35  36  37  38  39  40  41  42  43  44  45  46  47  48  49  50  51  52  53  54  55  56  57  58 

  3658 - 3716 [  ][  ][  ][  ][  ][  ][  ][  ][  ][  ][  ][  ][  ][  ][  ][  ][  ][  ][  ][  ][  ][  ][  ][  ][  ][  ][  ][  ][  ][  ][  ][  ][  ][  ][  ][  ][  ][  ][  ][  ][  ][  ][  ][  ][  ][  ][  ][  ][  ][  ][  ][  ][  ][  ][  ][  ][  ][  ][  ]
               0   1   2   3   4   5   6   7   8   9   10  11  12  13  14  15  16  17  18  19  20  21  22  23  24  25  26  27  28  29  30  31  32  33  34  35  36  37  38  39  40  41  42  43  44  45  46  47  48  49  50  51  52  53  54  55  56  57  58 

  3717 - 3775 [  ][  ][  ][  ][  ][  ][  ][  ][  ][  ][  ][  ][  ][  ][  ][  ][  ][  ][  ][  ][  ][  ][  ][  ][  ][  ][  ][  ][  ][  ][  ][  ][  ][  ][  ][  ][  ][  ][  ][  ][  ][  ][  ][  ][  ][  ][  ][  ][  ][  ][  ][  ][  ][  ][  ][  ][  ][  ][  ]
               0   1   2   3   4   5   6   7   8   9   10  11  12  13  14  15  16  17  18  19  20  21  22  23  24  25  26  27  28  29  30  31  32  33  34  35  36  37  38  39  40  41  42  43  44  45  46  47  48  49  50  51  52  53  54  55  56  57  58 

  3776 - 3834 [  ][  ][  ][  ][  ][  ][  ][  ][  ][  ][  ][  ][  ][  ][  ][  ][  ][  ][  ][  ][  ][  ][  ][  ][  ][  ][  ][  ][  ][  ][  ][  ][  ][  ][  ][  ][  ][  ][  ][  ][  ][  ][  ][  ][  ][  ][  ][  ][  ][  ][  ][  ][  ][  ][  ][  ][  ][  ][  ]
               0   1   2   3   4   5   6   7   8   9   10  11  12  13  14  15  16  17  18  19  20  21  22  23  24  25  26  27  28  29  30  31  32  33  34  35  36  37  38  39  40  41  42  43  44  45  46  47  48  49  50  51  52  53  54  55  56  57  58 

  3835 - 3893 [  ][  ][  ][  ][  ][  ][  ][  ][  ][  ][  ][  ][  ][  ][  ][  ][  ][  ][  ][  ][  ][  ][  ][  ][  ][  ][  ][  ][  ][  ][  ][  ][  ][  ][  ][  ][  ][  ][  ][  ][  ][  ][  ][  ][  ][  ][  ][  ][  ][  ][  ][  ][  ][  ][  ][  ][  ][  ][  ]
               0   1   2   3   4   5   6   7   8   9   10  11  12  13  14  15  16  17  18  19  20  21  22  23  24  25  26  27  28  29  30  31  32  33  34  35  36  37  38  39  40  41  42  43  44  45  46  47  48  49  50  51  52  53  54  55  56  57  58 

  3894 - 3952 [  ][  ][  ][  ][  ][  ][  ][  ][  ][  ][  ][  ][  ][  ][  ][  ][  ][  ][  ][  ][  ][  ][  ][  ][  ][  ][  ][  ][  ][  ][  ][  ][  ][  ][  ][  ][  ][  ][  ][  ][  ][  ][  ][  ][  ][  ][  ][  ][  ][  ][  ][  ][  ][  ][  ][  ][  ][  ][  ]
               0   1   2   3   4   5   6   7   8   9   10  11  12  13  14  15  16  17  18  19  20  21  22  23  24  25  26  27  28  29  30  31  32  33  34  35  36  37  38  39  40  41  42  43  44  45  46  47  48  49  50  51  52  53  54  55  56  57  58 

  3953 - 4011 [  ][  ][  ][  ][  ][  ][  ][  ][  ][  ][  ][  ][  ][  ][  ][  ][  ][  ][  ][  ][  ][  ][  ][  ][  ][  ][  ][  ][  ][  ][  ][  ][  ][  ][  ][  ][  ][  ][  ][  ][  ][  ][  ][  ][  ][  ][  ][  ][  ][  ][  ][  ][  ][  ][  ][  ][  ][  ][  ]
               0   1   2   3   4   5   6   7   8   9   10  11  12  13  14  15  16  17  18  19  20  21  22  23  24  25  26  27  28  29  30  31  32  33  34  35  36  37  38  39  40  41  42  43  44  45  46  47  48  49  50  51  52  53  54  55  56  57  58 

  4012 - 4070 [  ][  ][  ][  ][  ][  ][  ][  ][  ][  ][  ][  ][  ][  ][  ][  ][  ][  ][  ][  ][  ][  ][  ][  ][  ][  ][  ][  ][  ][  ][  ][  ][  ][  ][  ][  ][  ][  ][  ][  ][  ][  ][  ][  ][  ][  ][  ][  ][  ][  ][  ][  ][  ][  ][  ][  ][  ][  ][  ]
               0   1   2   3   4   5   6   7   8   9   10  11  12  13  14  15  16  17  18  19  20  21  22  23  24  25  26  27  28  29  30  31  32  33  34  35  36  37  38  39  40  41  42  43  44  45  46  47  48  49  50  51  52  53  54  55  56  57  58 

  4071 - 4129 [  ][  ][  ][  ][  ][  ][  ][  ][  ][  ][  ][  ][  ][  ][  ][  ][  ][  ][  ][  ][  ][  ][  ][  ][  ][  ][  ][  ][  ][  ][  ][  ][  ][  ][  ][  ][  ][  ][  ][  ][  ][  ][  ][  ][  ][  ][  ][  ][  ][  ][  ][  ][  ][  ][  ][  ][  ][  ][  ]
               0   1   2   3   4   5   6   7   8   9   10  11  12  13  14  15  16  17  18  19  20  21  22  23  24  25  26  27  28  29  30  31  32  33  34  35  36  37  38  39  40  41  42  43  44  45  46  47  48  49  50  51  52  53  54  55  56  57  58 

  4130 - 4188 [  ][  ][  ][  ][  ][  ][  ][  ][  ][  ][  ][  ][  ][  ][  ][  ][  ][  ][  ][  ][  ][  ][  ][  ][  ][  ][  ][  ][  ][  ][  ][  ][  ][  ][  ][  ][  ][  ][  ][  ][  ][  ][  ][  ][  ][  ][  ][  ][  ][  ][  ][  ][  ][  ][  ][  ][  ][  ][  ]
               0   1   2   3   4   5   6   7   8   9   10  11  12  13  14  15  16  17  18  19  20  21  22  23  24  25  26  27  28  29  30  31  32  33  34  35  36  37  38  39  40  41  42  43  44  45  46  47  48  49  50  51  52  53  54  55  56  57  58 

  4189 - 4247 [  ][  ][  ][  ][  ][  ][  ][  ][  ][  ][  ][  ][  ][  ][  ][  ][  ][  ][  ][  ][  ][  ][  ][  ][  ][  ][  ][  ][  ][  ][  ][  ][  ][  ][  ][  ][  ][  ][  ][  ][  ][  ][  ][  ][  ][  ][  ][  ][  ][  ][  ][  ][  ][  ][  ][  ][  ][  ][  ]
               0   1   2   3   4   5   6   7   8   9   10  11  12  13  14  15  16  17  18  19  20  21  22  23  24  25  26  27  28  29  30  31  32  33  34  35  36  37  38  39  40  41  42  43  44  45  46  47  48  49  50  51  52  53  54  55  56  57  58 

  4248 - 4306 [  ][  ][  ][  ][  ][  ][  ][  ][  ][  ][  ][  ][  ][  ][  ][  ][  ][  ][  ][  ][  ][  ][  ][  ][  ][  ][  ][  ][  ][  ][  ][  ][  ][  ][  ][  ][  ][  ][  ][  ][  ][  ][  ][  ][  ][  ][  ][  ][  ][  ][  ][  ][  ][  ][  ][  ][  ][  ][  ]
               0   1   2   3   4   5   6   7   8   9   10  11  12  13  14  15  16  17  18  19  20  21  22  23  24  25  26  27  28  29  30  31  32  33  34  35  36  37  38  39  40  41  42  43  44  45  46  47  48  49  50  51  52  53  54  55  56  57  58 

  4307 - 4365 [  ][  ][  ][  ][  ][  ][  ][  ][  ][  ][  ][  ][  ][  ][  ][  ][  ][  ][  ][  ][  ][  ][  ][  ][  ][  ][  ][  ][  ][  ][  ][  ][  ][  ][  ][  ][  ][  ][  ][  ][  ][  ][  ][  ][  ][  ][  ][  ][  ][  ][  ][  ][  ][  ][  ][  ][  ][  ][  ]
               0   1   2   3   4   5   6   7   8   9   10  11  12  13  14  15  16  17  18  19  20  21  22  23  24  25  26  27  28  29  30  31  32  33  34  35  36  37  38  39  40  41  42  43  44  45  46  47  48  49  50  51  52  53  54  55  56  57  58 

  4366 - 4424 [  ][  ][  ][  ][  ][  ][  ][  ][  ][  ][  ][  ][  ][  ][  ][  ][  ][  ][  ][  ][  ][  ][  ][  ][  ][  ][  ][  ][  ][  ][  ][  ][  ][  ][  ][  ][  ][  ][  ][  ][  ][  ][  ][  ][  ][  ][  ][  ][  ][  ][  ][  ][  ][  ][  ][  ][  ][  ][  ]
               0   1   2   3   4   5   6   7   8   9   10  11  12  13  14  15  16  17  18  19  20  21  22  23  24  25  26  27  28  29  30  31  32  33  34  35  36  37  38  39  40  41  42  43  44  45  46  47  48  49  50  51  52  53  54  55  56  57  58 

  4425 - 4483 [  ][  ][  ][  ][  ][  ][  ][  ][  ][  ][  ][  ][  ][  ][  ][  ][  ][  ][  ][  ][  ][  ][  ][  ][  ][  ][  ][  ][  ][  ][  ][  ][  ][  ][  ][  ][  ][  ][  ][  ][  ][  ][  ][  ][  ][  ][  ][  ][  ][  ][  ][  ][  ][  ][  ][  ][  ][  ][  ]
               0   1   2   3   4   5   6   7   8   9   10  11  12  13  14  15  16  17  18  19  20  21  22  23  24  25  26  27  28  29  30  31  32  33  34  35  36  37  38  39  40  41  42  43  44  45  46  47  48  49  50  51  52  53  54  55  56  57  58 

  4484 - 4542 [  ][  ][  ][  ][  ][  ][  ][  ][  ][  ][  ][  ][  ][  ][  ][  ][  ][  ][  ][  ][  ][  ][  ][  ][  ][  ][  ][  ][  ][  ][  ][  ][  ][  ][  ][  ][  ][  ][  ][  ][  ][  ][  ][  ][  ][  ][  ][  ][  ][  ][  ][  ][  ][  ][  ][  ][  ][  ][  ]
               0   1   2   3   4   5   6   7   8   9   10  11  12  13  14  15  16  17  18  19  20  21  22  23  24  25  26  27  28  29  30  31  32  33  34  35  36  37  38  39  40  41  42  43  44  45  46  47  48  49  50  51  52  53  54  55  56  57  58 

  4543 - 4601 [  ][  ][  ][  ][  ][  ][  ][  ][  ][  ][  ][  ][  ][  ][  ][  ][  ][  ][  ][  ][  ][  ][  ][  ][  ][  ][  ][  ][  ][  ][  ][  ][  ][  ][  ][  ][  ][  ][  ][  ][  ][  ][  ][  ][  ][  ][  ][  ][  ][  ][  ][  ][  ][  ][  ][  ][  ][  ][  ]
               0   1   2   3   4   5   6   7   8   9   10  11  12  13  14  15  16  17  18  19  20  21  22  23  24  25  26  27  28  29  30  31  32  33  34  35  36  37  38  39  40  41  42  43  44  45  46  47  48  49  50  51  52  53  54  55  56  57  58 

  4602 - 4660 [  ][  ][  ][  ][  ][  ][  ][  ][  ][  ][  ][  ][  ][  ][  ][  ][  ][  ][  ][  ][  ][  ][  ][  ][  ][  ][  ][  ][  ][  ][  ][  ][  ][  ][  ][  ][  ][  ][  ][  ][  ][  ][  ][  ][  ][  ][  ][  ][  ][  ][  ][  ][  ][  ][  ][  ][  ][  ][  ]
               0   1   2   3   4   5   6   7   8   9   10  11  12  13  14  15  16  17  18  19  20  21  22  23  24  25  26  27  28  29  30  31  32  33  34  35  36  37  38  39  40  41  42  43  44  45  46  47  48  49  50  51  52  53  54  55  56  57  58 

  4661 - 4719 [  ][  ][  ][  ][  ][  ][  ][  ][  ][  ][  ][  ][  ][  ][  ][  ][  ][  ][  ][  ][  ][  ][  ][  ][  ][  ][  ][  ][  ][  ][  ][  ][  ][  ][  ][  ][  ][  ][  ][  ][  ][  ][  ][  ][  ][  ][  ][  ][  ][  ][  ][  ][  ][  ][  ][  ][  ][  ][  ]
               0   1   2   3   4   5   6   7   8   9   10  11  12  13  14  15  16  17  18  19  20  21  22  23  24  25  26  27  28  29  30  31  32  33  34  35  36  37  38  39  40  41  42  43  44  45  46  47  48  49  50  51  52  53  54  55  56  57  58 

  4720 - 4778 [  ][  ][  ][  ][  ][  ][  ][  ][  ][  ][  ][  ][  ][  ][  ][  ][  ][  ][  ][  ][  ][  ][  ][  ][  ][  ][  ][  ][  ][  ][  ][  ][  ][  ][  ][  ][  ][  ][  ][  ][  ][  ][  ][  ][  ][  ][  ][  ][  ][  ][  ][  ][  ][  ][  ][  ][  ][  ][  ]
               0   1   2   3   4   5   6   7   8   9   10  11  12  13  14  15  16  17  18  19  20  21  22  23  24  25  26  27  28  29  30  31  32  33  34  35  36  37  38  39  40  41  42  43  44  45  46  47  48  49  50  51  52  53  54  55  56  57  58 

  4779 - 4837 [  ][  ][  ][  ][  ][  ][  ][  ][  ][  ][  ][  ][  ][  ][  ][  ][  ][  ][  ][  ][  ][  ][  ][  ][  ][  ][  ][  ][  ][  ][  ][  ][  ][  ][  ][  ][  ][  ][  ][  ][  ][  ][  ][  ][  ][  ][  ][  ][  ][  ][  ][  ][  ][  ][  ][  ][  ][  ][  ]
               0   1   2   3   4   5   6   7   8   9   10  11  12  13  14  15  16  17  18  19  20  21  22  23  24  25  26  27  28  29  30  31  32  33  34  35  36  37  38  39  40  41  42  43  44  45  46  47  48  49  50  51  52  53  54  55  56  57  58 

  4838 - 4896 [  ][  ][  ][  ][  ][  ][  ][  ][  ][  ][  ][  ][  ][  ][  ][  ][  ][  ][  ][  ][  ][  ][  ][  ][  ][  ][  ][  ][  ][  ][  ][  ][  ][  ][  ][  ][  ][  ][  ][  ][  ][  ][  ][  ][  ][  ][  ][  ][  ][  ][  ][  ][  ][  ][  ][  ][  ][  ][  ]
               0   1   2   3   4   5   6   7   8   9   10  11  12  13  14  15  16  17  18  19  20  21  22  23  24  25  26  27  28  29  30  31  32  33  34  35  36  37  38  39  40  41  42  43  44  45  46  47  48  49  50  51  52  53  54  55  56  57  58 

  4897 - 4955 [  ][  ][  ][  ][  ][  ][  ][  ][  ][  ][  ][  ][  ][  ][  ][  ][  ][  ][  ][  ][  ][  ][  ][  ][  ][  ][  ][  ][  ][  ][  ][  ][  ][  ][  ][  ][  ][  ][  ][  ][  ][  ][  ][  ][  ][  ][  ][  ][  ][  ][  ][  ][  ][  ][  ][  ][  ][  ][  ]
               0   1   2   3   4   5   6   7   8   9   10  11  12  13  14  15  16  17  18  19  20  21  22  23  24  25  26  27  28  29  30  31  32  33  34  35  36  37  38  39  40  41  42  43  44  45  46  47  48  49  50  51  52  53  54  55  56  57  58 

  4956 - 5014 [  ][  ][  ][  ][  ][  ][  ][  ][  ][  ][  ][  ][  ][  ][  ][  ][  ][  ][  ][  ][  ][  ][  ][  ][  ][  ][  ][  ][  ][  ][  ][  ][  ][  ][  ][  ][  ][  ][  ][  ][  ][  ][  ][  ][  ][  ][  ][  ][  ][  ][  ][  ][  ][  ][  ][  ][  ][  ][  ]
               0   1   2   3   4   5   6   7   8   9   10  11  12  13  14  15  16  17  18  19  20  21  22  23  24  25  26  27  28  29  30  31  32  33  34  35  36  37  38  39  40  41  42  43  44  45  46  47  48  49  50  51  52  53  54  55  56  57  58 

  5015 - 5073 [  ][  ][  ][  ][  ][  ][  ][  ][  ][  ][  ][  ][  ][  ][  ][  ][  ][  ][  ][  ][  ][  ][  ][  ][  ][  ][  ][  ][  ][  ][  ][  ][  ][  ][  ][  ][  ][  ][  ][  ][  ][  ][  ][  ][  ][  ][  ][  ][  ][  ][  ][  ][  ][  ][  ][  ][  ][  ][  ]
               0   1   2   3   4   5   6   7   8   9   10  11  12  13  14  15  16  17  18  19  20  21  22  23  24  25  26  27  28  29  30  31  32  33  34  35  36  37  38  39  40  41  42  43  44  45  46  47  48  49  50  51  52  53  54  55  56  57  58 

  5074 - 5132 [  ][  ][  ][  ][  ][  ][  ][  ][  ][  ][  ][  ][  ][  ][  ][  ][  ][  ][  ][  ][  ][  ][  ][  ][  ][  ][  ][  ][  ][  ][  ][  ][  ][  ][  ][  ][  ][  ][  ][  ][  ][  ][  ][  ][  ][  ][  ][  ][  ][  ][  ][  ][  ][  ][  ][  ][  ][  ][  ]
               0   1   2   3   4   5   6   7   8   9   10  11  12  13  14  15  16  17  18  19  20  21  22  23  24  25  26  27  28  29  30  31  32  33  34  35  36  37  38  39  40  41  42  43  44  45  46  47  48  49  50  51  52  53  54  55  56  57  58 

  5133 - 5191 [  ][  ][  ][  ][  ][  ][  ][  ][  ][  ][  ][  ][  ][  ][  ][  ][  ][  ][  ][  ][  ][  ][  ][  ][  ][  ][  ][  ][  ][  ][  ][  ][  ][  ][  ][  ][  ][  ][  ][  ][  ][  ][  ][  ][  ][  ][  ][  ][  ][  ][  ][  ][  ][  ][  ][  ][  ][  ][  ]
               0   1   2   3   4   5   6   7   8   9   10  11  12  13  14  15  16  17  18  19  20  21  22  23  24  25  26  27  28  29  30  31  32  33  34  35  36  37  38  39  40  41  42  43  44  45  46  47  48  49  50  51  52  53  54  55  56  57  58 

  5192 - 5250 [  ][  ][  ][  ][  ][  ][  ][  ][  ][  ][  ][  ][  ][  ][  ][  ][  ][  ][  ][  ][  ][  ][  ][  ][  ][  ][  ][  ][  ][  ][  ][  ][  ][  ][  ][  ][  ][  ][  ][  ][  ][  ][  ][  ][  ][  ][  ][  ][  ][  ][  ][  ][  ][  ][  ][  ][  ][  ][  ]
               0   1   2   3   4   5   6   7   8   9   10  11  12  13  14  15  16  17  18  19  20  21  22  23  24  25  26  27  28  29  30  31  32  33  34  35  36  37  38  39  40  41  42  43  44  45  46  47  48  49  50  51  52  53  54  55  56  57  58 

  5251 - 5309 [  ][  ][  ][  ][  ][  ][  ][  ][  ][  ][  ][  ][  ][  ][  ][  ][  ][  ][  ][  ][  ][  ][  ][  ][  ][  ][  ][  ][  ][  ][  ][  ][  ][  ][  ][  ][  ][  ][  ][  ][  ][  ][  ][  ][  ][  ][  ][  ][  ][  ][  ][  ][  ][  ][  ][  ][  ][  ][  ]
               0   1   2   3   4   5   6   7   8   9   10  11  12  13  14  15  16  17  18  19  20  21  22  23  24  25  26  27  28  29  30  31  32  33  34  35  36  37  38  39  40  41  42  43  44  45  46  47  48  49  50  51  52  53  54  55  56  57  58 

  5310 - 5368 [  ][  ][  ][  ][  ][  ][  ][  ][  ][  ][  ][  ][  ][  ][  ][  ][  ][  ][  ][  ][  ][  ][  ][  ][  ][  ][  ][  ][  ][  ][  ][  ][  ][  ][  ][  ][  ][  ][  ][  ][  ][  ][  ][  ][  ][  ][  ][  ][  ][  ][  ][  ][  ][  ][  ][  ][  ][  ][  ]
               0   1   2   3   4   5   6   7   8   9   10  11  12  13  14  15  16  17  18  19  20  21  22  23  24  25  26  27  28  29  30  31  32  33  34  35  36  37  38  39  40  41  42  43  44  45  46  47  48  49  50  51  52  53  54  55  56  57  58 

  5369 - 5427 [  ][  ][  ][  ][  ][  ][  ][  ][  ][  ][  ][  ][  ][  ][  ][  ][  ][  ][  ][  ][  ][  ][  ][  ][  ][  ][  ][  ][  ][  ][  ][  ][  ][  ][  ][  ][  ][  ][  ][  ][  ][  ][  ][  ][  ][  ][  ][  ][  ][  ][  ][  ][  ][  ][  ][  ][  ][  ][  ]
               0   1   2   3   4   5   6   7   8   9   10  11  12  13  14  15  16  17  18  19  20  21  22  23  24  25  26  27  28  29  30  31  32  33  34  35  36  37  38  39  40  41  42  43  44  45  46  47  48  49  50  51  52  53  54  55  56  57  58 

  5428 - 5486 [  ][  ][  ][  ][  ][  ][  ][  ][  ][  ][  ][  ][  ][  ][  ][  ][  ][  ][  ][  ][  ][  ][  ][  ][  ][  ][  ][  ][  ][  ][  ][  ][  ][  ][  ][  ][  ][  ][  ][  ][  ][  ][  ][  ][  ][  ][  ][  ][  ][  ][  ][  ][  ][  ][  ][  ][  ][  ][  ]
               0   1   2   3   4   5   6   7   8   9   10  11  12  13  14  15  16  17  18  19  20  21  22  23  24  25  26  27  28  29  30  31  32  33  34  35  36  37  38  39  40  41  42  43  44  45  46  47  48  49  50  51  52  53  54  55  56  57  58 

  5487 - 5545 [  ][  ][  ][  ][  ][  ][  ][  ][  ][  ][  ][  ][  ][  ][  ][  ][  ][  ][  ][  ][  ][  ][  ][  ][  ][  ][  ][  ][  ][  ][  ][  ][  ][  ][  ][  ][  ][  ][  ][  ][  ][  ][  ][  ][  ][  ][  ][  ][  ][  ][  ][  ][  ][  ][  ][  ][  ][  ][  ]
               0   1   2   3   4   5   6   7   8   9   10  11  12  13  14  15  16  17  18  19  20  21  22  23  24  25  26  27  28  29  30  31  32  33  34  35  36  37  38  39  40  41  42  43  44  45  46  47  48  49  50  51  52  53  54  55  56  57  58 

  5546 - 5604 [  ][  ][  ][  ][  ][  ][  ][  ][  ][  ][  ][  ][  ][  ][  ][  ][  ][  ][  ][  ][  ][  ][  ][  ][  ][  ][  ][  ][  ][  ][  ][  ][  ][  ][  ][  ][  ][  ][  ][  ][  ][  ][  ][  ][  ][  ][  ][  ][  ][  ][  ][  ][  ][  ][  ][  ][  ][  ][  ]
               0   1   2   3   4   5   6   7   8   9   10  11  12  13  14  15  16  17  18  19  20  21  22  23  24  25  26  27  28  29  30  31  32  33  34  35  36  37  38  39  40  41  42  43  44  45  46  47  48  49  50  51  52  53  54  55  56  57  58 

  5605 - 5663 [  ][  ][  ][  ][  ][  ][  ][  ][  ][  ][  ][  ][  ][  ][  ][  ][  ][  ][  ][  ][  ][  ][  ][  ][  ][  ][  ][  ][  ][  ][  ][  ][  ][  ][  ][  ][  ][  ][  ][  ][  ][  ][  ][  ][  ][  ][  ][  ][  ][  ][  ][  ][  ][  ][  ][  ][  ][  ][  ]
               0   1   2   3   4   5   6   7   8   9   10  11  12  13  14  15  16  17  18  19  20  21  22  23  24  25  26  27  28  29  30  31  32  33  34  35  36  37  38  39  40  41  42  43  44  45  46  47  48  49  50  51  52  53  54  55  56  57  58 

  5664 - 5722 [  ][  ][  ][  ][  ][  ][  ][  ][  ][  ][  ][  ][  ][  ][  ][  ][  ][  ][  ][  ][  ][  ][  ][  ][  ][  ][  ][  ][  ][  ][  ][  ][  ][  ][  ][  ][  ][  ][  ][  ][  ][  ][  ][  ][  ][  ][  ][  ][  ][  ][  ][  ][  ][  ][  ][  ][  ][  ][  ]
               0   1   2   3   4   5   6   7   8   9   10  11  12  13  14  15  16  17  18  19  20  21  22  23  24  25  26  27  28  29  30  31  32  33  34  35  36  37  38  39  40  41  42  43  44  45  46  47  48  49  50  51  52  53  54  55  56  57  58 

  5723 - 5781 [  ][  ][  ][  ][  ][  ][  ][  ][  ][  ][  ][  ][  ][  ][  ][  ][  ][  ][  ][  ][  ][  ][  ][  ][  ][  ][  ][  ][  ][  ][  ][  ][  ][  ][  ][  ][  ][  ][  ][  ][  ][  ][  ][  ][  ][  ][  ][  ][  ][  ][  ][  ][  ][  ][  ][  ][  ][  ][  ]
               0   1   2   3   4   5   6   7   8   9   10  11  12  13  14  15  16  17  18  19  20  21  22  23  24  25  26  27  28  29  30  31  32  33  34  35  36  37  38  39  40  41  42  43  44  45  46  47  48  49  50  51  52  53  54  55  56  57  58 

  5782 - 5840 [  ][  ][  ][  ][  ][  ][  ][  ][  ][  ][  ][  ][  ][  ][  ][  ][  ][  ][  ][  ][  ][  ][  ][  ][  ][  ][  ][  ][  ][  ][  ][  ][  ][  ][  ][  ][  ][  ][  ][  ][  ][  ][  ][  ][  ][  ][  ][  ][  ][  ][  ][  ][  ][  ][  ][  ][  ][  ][  ]
               0   1   2   3   4   5   6   7   8   9   10  11  12  13  14  15  16  17  18  19  20  21  22  23  24  25  26  27  28  29  30  31  32  33  34  35  36  37  38  39  40  41  42  43  44  45  46  47  48  49  50  51  52  53  54  55  56  57  58 

  5841 - 5899 [  ][  ][  ][  ][  ][  ][  ][  ][  ][  ][  ][  ][  ][  ][  ][  ][  ][  ][  ][  ][  ][  ][  ][  ][  ][  ][  ][  ][  ][  ][  ][  ][  ][  ][  ][  ][  ][  ][  ][  ][  ][  ][  ][  ][  ][  ][  ][  ][  ][  ][  ][  ][  ][  ][  ][  ][  ][  ][  ]
               0   1   2   3   4   5   6   7   8   9   10  11  12  13  14  15  16  17  18  19  20  21  22  23  24  25  26  27  28  29  30  31  32  33  34  35  36  37  38  39  40  41  42  43  44  45  46  47  48  49  50  51  52  53  54  55  56  57  58 

  5900 - 5958 [  ][  ][  ][  ][  ][  ][  ][  ][  ][  ][  ][  ][  ][  ][  ][  ][  ][  ][  ][  ][  ][  ][  ][  ][  ][  ][  ][  ][  ][  ][  ][  ][  ][  ][  ][  ][  ][  ][  ][  ][  ][  ][  ][  ][  ][  ][  ][  ][  ][  ][  ][  ][  ][  ][  ][  ][  ][  ][  ]
               0   1   2   3   4   5   6   7   8   9   10  11  12  13  14  15  16  17  18  19  20  21  22  23  24  25  26  27  28  29  30  31  32  33  34  35  36  37  38  39  40  41  42  43  44  45  46  47  48  49  50  51  52  53  54  55  56  57  58 

  5959 - 6017 [  ][  ][  ][  ][  ][  ][  ][  ][  ][  ][  ][  ][  ][  ][  ][  ][  ][  ][  ][  ][  ][  ][  ][  ][  ][  ][  ][  ][  ][  ][  ][  ][  ][  ][  ][  ][  ][  ][  ][  ][  ][  ][  ][  ][  ][  ][  ][  ][  ][  ][  ][  ][  ][  ][  ][  ][  ][  ][  ]
               0   1   2   3   4   5   6   7   8   9   10  11  12  13  14  15  16  17  18  19  20  21  22  23  24  25  26  27  28  29  30  31  32  33  34  35  36  37  38  39  40  41  42  43  44  45  46  47  48  49  50  51  52  53  54  55  56  57  58 

  6018 - 6076 [  ][  ][  ][  ][  ][  ][  ][  ][  ][  ][  ][  ][  ][  ][  ][  ][  ][  ][  ][  ][  ][  ][  ][  ][  ][  ][  ][  ][  ][  ][  ][  ][  ][  ][  ][  ][  ][  ][  ][  ][  ][  ][  ][  ][  ][  ][  ][  ][  ][  ][  ][  ][  ][  ][  ][  ][  ][  ][  ]
               0   1   2   3   4   5   6   7   8   9   10  11  12  13  14  15  16  17  18  19  20  21  22  23  24  25  26  27  28  29  30  31  32  33  34  35  36  37  38  39  40  41  42  43  44  45  46  47  48  49  50  51  52  53  54  55  56  57  58 

  6077 - 6135 [  ][  ][  ][  ][  ][  ][  ][  ][  ][  ][  ][  ][  ][  ][  ][  ][  ][  ][  ][  ][  ][  ][  ][  ][  ][  ][  ][  ][  ][  ][  ][  ][  ][  ][  ][  ][  ][  ][  ][  ][  ][  ][  ][  ][  ][  ][  ][  ][  ][  ][  ][  ][  ][  ][  ][  ][  ][  ][  ]
               0   1   2   3   4   5   6   7   8   9   10  11  12  13  14  15  16  17  18  19  20  21  22  23  24  25  26  27  28  29  30  31  32  33  34  35  36  37  38  39  40  41  42  43  44  45  46  47  48  49  50  51  52  53  54  55  56  57  58 

  6136 - 6194 [  ][  ][  ][  ][  ][  ][  ][  ][  ][  ][  ][  ][  ][  ][  ][  ][  ][  ][  ][  ][  ][  ][  ][  ][  ][  ][  ][  ][  ][  ][  ][  ][  ][  ][  ][  ][  ][  ][  ][  ][  ][  ][  ][  ][  ][  ][  ][  ][  ][  ][  ][  ][  ][  ][  ][  ][  ][  ][  ]
               0   1   2   3   4   5   6   7   8   9   10  11  12  13  14  15  16  17  18  19  20  21  22  23  24  25  26  27  28  29  30  31  32  33  34  35  36  37  38  39  40  41  42  43  44  45  46  47  48  49  50  51  52  53  54  55  56  57  58 

  6195 - 6253 [  ][  ][  ][  ][  ][  ][  ][  ][  ][  ][  ][  ][  ][  ][  ][  ][  ][  ][  ][  ][  ][  ][  ][  ][  ][  ][  ][  ][  ][  ][  ][  ][  ][  ][  ][  ][  ][  ][  ][  ][  ][  ][  ][  ][  ][  ][  ][  ][  ][  ][  ][  ][  ][  ][  ][  ][  ][  ][  ]
               0   1   2   3   4   5   6   7   8   9   10  11  12  13  14  15  16  17  18  19  20  21  22  23  24  25  26  27  28  29  30  31  32  33  34  35  36  37  38  39  40  41  42  43  44  45  46  47  48  49  50  51  52  53  54  55  56  57  58 

  6254 - 6312 [  ][  ][  ][  ][  ][  ][  ][  ][  ][  ][  ][  ][  ][  ][  ][  ][  ][  ][  ][  ][  ][  ][  ][  ][  ][  ][  ][  ][  ][  ][  ][  ][  ][  ][  ][  ][  ][  ][  ][  ][  ][  ][  ][  ][  ][  ][  ][  ][  ][  ][  ][  ][  ][  ][  ][  ][  ][  ][  ]
               0   1   2   3   4   5   6   7   8   9   10  11  12  13  14  15  16  17  18  19  20  21  22  23  24  25  26  27  28  29  30  31  32  33  34  35  36  37  38  39  40  41  42  43  44  45  46  47  48  49  50  51  52  53  54  55  56  57  58 

  6313 - 6371 [  ][  ][  ][  ][  ][  ][  ][  ][  ][  ][  ][  ][  ][  ][  ][  ][  ][  ][  ][  ][  ][  ][  ][  ][  ][  ][  ][  ][  ][  ][  ][  ][  ][  ][  ][  ][  ][  ][  ][  ][  ][  ][  ][  ][  ][  ][  ][  ][  ][  ][  ][  ][  ][  ][  ][  ][  ][  ][  ]
               0   1   2   3   4   5   6   7   8   9   10  11  12  13  14  15  16  17  18  19  20  21  22  23  24  25  26  27  28  29  30  31  32  33  34  35  36  37  38  39  40  41  42  43  44  45  46  47  48  49  50  51  52  53  54  55  56  57  58 

  6372 - 6430 [  ][  ][  ][  ][  ][  ][  ][  ][  ][  ][  ][  ][  ][  ][  ][  ][  ][  ][  ][  ][  ][  ][  ][  ][  ][  ][  ][  ][  ][  ][  ][  ][  ][  ][  ][  ][  ][  ][  ][  ][  ][  ][  ][  ][  ][  ][  ][  ][  ][  ][  ][  ][  ][  ][  ][  ][  ][  ][  ]
               0   1   2   3   4   5   6   7   8   9   10  11  12  13  14  15  16  17  18  19  20  21  22  23  24  25  26  27  28  29  30  31  32  33  34  35  36  37  38  39  40  41  42  43  44  45  46  47  48  49  50  51  52  53  54  55  56  57  58 

  6431 - 6489 [  ][  ][  ][  ][  ][  ][  ][  ][  ][  ][  ][  ][  ][  ][  ][  ][  ][  ][  ][  ][  ][  ][  ][  ][  ][  ][  ][  ][  ][  ][  ][  ][  ][  ][  ][  ][  ][  ][  ][  ][  ][  ][  ][  ][  ][  ][  ][  ][  ][  ][  ][  ][  ][  ][  ][  ][  ][  ][  ]
               0   1   2   3   4   5   6   7   8   9   10  11  12  13  14  15  16  17  18  19  20  21  22  23  24  25  26  27  28  29  30  31  32  33  34  35  36  37  38  39  40  41  42  43  44  45  46  47  48  49  50  51  52  53  54  55  56  57  58 

  6490 - 6548 [  ][  ][  ][  ][  ][  ][  ][  ][  ][  ][  ][  ][  ][  ][  ][  ][  ][  ][  ][  ][  ][  ][  ][  ][  ][  ][  ][  ][  ][  ][  ][  ][  ][  ][  ][  ][  ][  ][  ][  ][  ][  ][  ][  ][  ][  ][  ][  ][  ][  ][  ][  ][  ][  ][  ][  ][  ][  ][  ]
               0   1   2   3   4   5   6   7   8   9   10  11  12  13  14  15  16  17  18  19  20  21  22  23  24  25  26  27  28  29  30  31  32  33  34  35  36  37  38  39  40  41  42  43  44  45  46  47  48  49  50  51  52  53  54  55  56  57  58 

  6549 - 6607 [  ][  ][  ][  ][  ][  ][  ][  ][  ][  ][  ][  ][  ][  ][  ][  ][  ][  ][  ][  ][  ][  ][  ][  ][  ][  ][  ][  ][  ][  ][  ][  ][  ][  ][  ][  ][  ][  ][  ][  ][  ][  ][  ][  ][  ][  ][  ][  ][  ][  ][  ][  ][  ][  ][  ][  ][  ][  ][  ]
               0   1   2   3   4   5   6   7   8   9   10  11  12  13  14  15  16  17  18  19  20  21  22  23  24  25  26  27  28  29  30  31  32  33  34  35  36  37  38  39  40  41  42  43  44  45  46  47  48  49  50  51  52  53  54  55  56  57  58 

  6608 - 6666 [  ][  ][  ][  ][  ][  ][  ][  ][  ][  ][  ][  ][  ][  ][  ][  ][  ][  ][  ][  ][  ][  ][  ][  ][  ][  ][  ][  ][  ][  ][  ][  ][  ][  ][  ][  ][  ][  ][  ][  ][  ][  ][  ][  ][  ][  ][  ][  ][  ][  ][  ][  ][  ][  ][  ][  ][  ][  ][  ]
               0   1   2   3   4   5   6   7   8   9   10  11  12  13  14  15  16  17  18  19  20  21  22  23  24  25  26  27  28  29  30  31  32  33  34  35  36  37  38  39  40  41  42  43  44  45  46  47  48  49  50  51  52  53  54  55  56  57  58 

  6667 - 6725 [  ][  ][  ][  ][  ][  ][  ][  ][  ][  ][  ][  ][  ][  ][  ][  ][  ][  ][  ][  ][  ][  ][  ][  ][  ][  ][  ][  ][  ][  ][  ][  ][  ][  ][  ][  ][  ][  ][  ][  ][  ][  ][  ][  ][  ][  ][  ][  ][  ][  ][  ][  ][  ][  ][  ][  ][  ][  ][  ]
               0   1   2   3   4   5   6   7   8   9   10  11  12  13  14  15  16  17  18  19  20  21  22  23  24  25  26  27  28  29  30  31  32  33  34  35  36  37  38  39  40  41  42  43  44  45  46  47  48  49  50  51  52  53  54  55  56  57  58 

  6726 - 6784 [  ][  ][  ][  ][  ][  ][  ][  ][  ][  ][  ][  ][  ][  ][  ][  ][  ][  ][  ][  ][  ][  ][  ][  ][  ][  ][  ][  ][  ][  ][  ][  ][  ][  ][  ][  ][  ][  ][  ][  ][  ][  ][  ][  ][  ][  ][  ][  ][  ][  ][  ][  ][  ][  ][  ][  ][  ][  ][  ]
               0   1   2   3   4   5   6   7   8   9   10  11  12  13  14  15  16  17  18  19  20  21  22  23  24  25  26  27  28  29  30  31  32  33  34  35  36  37  38  39  40  41  42  43  44  45  46  47  48  49  50  51  52  53  54  55  56  57  58 

  6785 - 6843 [  ][  ][  ][  ][  ][  ][  ][  ][  ][  ][  ][  ][  ][  ][  ][  ][  ][  ][  ][  ][  ][  ][  ][  ][  ][  ][  ][  ][  ][  ][  ][  ][  ][  ][  ][  ][  ][  ][  ][  ][  ][  ][  ][  ][  ][  ][  ][  ][  ][  ][  ][  ][  ][  ][  ][  ][  ][  ][  ]
               0   1   2   3   4   5   6   7   8   9   10  11  12  13  14  15  16  17  18  19  20  21  22  23  24  25  26  27  28  29  30  31  32  33  34  35  36  37  38  39  40  41  42  43  44  45  46  47  48  49  50  51  52  53  54  55  56  57  58 

  6844 - 6902 [  ][  ][  ][  ][  ][  ][  ][  ][  ][  ][  ][  ][  ][  ][  ][  ][  ][  ][  ][  ][  ][  ][  ][  ][  ][  ][  ][  ][  ][  ][  ][  ][  ][  ][  ][  ][  ][  ][  ][  ][  ][  ][  ][  ][  ][  ][  ][  ][  ][  ][  ][  ][  ][  ][  ][  ][  ][  ][  ]
               0   1   2   3   4   5   6   7   8   9   10  11  12  13  14  15  16  17  18  19  20  21  22  23  24  25  26  27  28  29  30  31  32  33  34  35  36  37  38  39  40  41  42  43  44  45  46  47  48  49  50  51  52  53  54  55  56  57  58 

  6903 - 6961 [  ][  ][  ][  ][  ][  ][  ][  ][  ][  ][  ][  ][  ][  ][  ][  ][  ][  ][  ][  ][  ][  ][  ][  ][  ][  ][  ][  ][  ][  ][  ][  ][  ][  ][  ][  ][  ][  ][  ][  ][  ][  ][  ][  ][  ][  ][  ][  ][  ][  ][  ][  ][  ][  ][  ][  ][  ][  ][  ]
               0   1   2   3   4   5   6   7   8   9   10  11  12  13  14  15  16  17  18  19  20  21  22  23  24  25  26  27  28  29  30  31  32  33  34  35  36  37  38  39  40  41  42  43  44  45  46  47  48  49  50  51  52  53  54  55  56  57  58 

  6962 - 7020 [  ][  ][  ][  ][  ][  ][  ][  ][  ][  ][  ][  ][  ][  ][  ][  ][  ][  ][  ][  ][  ][  ][  ][  ][  ][  ][  ][  ][  ][  ][  ][  ][  ][  ][  ][  ][  ][  ][  ][  ][  ][  ][  ][  ][  ][  ][  ][  ][  ][  ][  ][  ][  ][  ][  ][  ][  ][  ][  ]
               0   1   2   3   4   5   6   7   8   9   10  11  12  13  14  15  16  17  18  19  20  21  22  23  24  25  26  27  28  29  30  31  32  33  34  35  36  37  38  39  40  41  42  43  44  45  46  47  48  49  50  51  52  53  54  55  56  57  58 

  7021 - 7079 [  ][  ][  ][  ][  ][  ][  ][  ][  ][  ][  ][  ][  ][  ][  ][  ][  ][  ][  ][  ][  ][  ][  ][  ][  ][  ][  ][  ][  ][  ][  ][  ][  ][  ][  ][  ][  ][  ][  ][  ][  ][  ][  ][  ][  ][  ][  ][  ][  ][  ][  ][  ][  ][  ][  ][  ][  ][  ][  ]
               0   1   2   3   4   5   6   7   8   9   10  11  12  13  14  15  16  17  18  19  20  21  22  23  24  25  26  27  28  29  30  31  32  33  34  35  36  37  38  39  40  41  42  43  44  45  46  47  48  49  50  51  52  53  54  55  56  57  58 

  7080 - 7138 [  ][  ][  ][  ][  ][  ][  ][  ][  ][  ][  ][  ][  ][  ][  ][  ][  ][  ][  ][  ][  ][  ][  ][  ][  ][  ][  ][  ][  ][  ][  ][  ][  ][  ][  ][  ][  ][  ][  ][  ][  ][  ][  ][  ][  ][  ][  ][  ][  ][  ][  ][  ][  ][  ][  ][  ][  ][  ][  ]
               0   1   2   3   4   5   6   7   8   9   10  11  12  13  14  15  16  17  18  19  20  21  22  23  24  25  26  27  28  29  30  31  32  33  34  35  36  37  38  39  40  41  42  43  44  45  46  47  48  49  50  51  52  53  54  55  56  57  58 

  7139 - 7197 [  ][  ][  ][  ][  ][  ][  ][  ][  ][  ][  ][  ][  ][  ][  ][  ][  ][  ][  ][  ][  ][  ][  ][  ][  ][  ][  ][  ][  ][  ][  ][  ][  ][  ][  ][  ][  ][  ][  ][  ][  ][  ][  ][  ][  ][  ][  ][  ][  ][  ][  ][  ][  ][  ][  ][  ][  ][  ][  ]
               0   1   2   3   4   5   6   7   8   9   10  11  12  13  14  15  16  17  18  19  20  21  22  23  24  25  26  27  28  29  30  31  32  33  34  35  36  37  38  39  40  41  42  43  44  45  46  47  48  49  50  51  52  53  54  55  56  57  58 

  7198 - 7256 [  ][  ][  ][  ][  ][  ][  ][  ][  ][  ][  ][  ][  ][  ][  ][  ][  ][  ][  ][  ][  ][  ][  ][  ][  ][  ][  ][  ][  ][  ][  ][  ][  ][  ][  ][  ][  ][  ][  ][  ][  ][  ][  ][  ][  ][  ][  ][  ][  ][  ][  ][  ][  ][  ][  ][  ][  ][  ][  ]
               0   1   2   3   4   5   6   7   8   9   10  11  12  13  14  15  16  17  18  19  20  21  22  23  24  25  26  27  28  29  30  31  32  33  34  35  36  37  38  39  40  41  42  43  44  45  46  47  48  49  50  51  52  53  54  55  56  57  58 

  7257 - 7315 [  ][  ][  ][  ][  ][  ][  ][  ][  ][  ][  ][  ][  ][  ][  ][  ][  ][  ][  ][  ][  ][  ][  ][  ][  ][  ][  ][  ][  ][  ][  ][  ][  ][  ][  ][  ][  ][  ][  ][  ][  ][  ][  ][  ][  ][  ][  ][  ][  ][  ][  ][  ][  ][  ][  ][  ][  ][  ][  ]
               0   1   2   3   4   5   6   7   8   9   10  11  12  13  14  15  16  17  18  19  20  21  22  23  24  25  26  27  28  29  30  31  32  33  34  35  36  37  38  39  40  41  42  43  44  45  46  47  48  49  50  51  52  53  54  55  56  57  58 

  7316 - 7374 [  ][  ][  ][  ][  ][  ][  ][  ][  ][  ][  ][  ][  ][  ][  ][  ][  ][  ][  ][  ][  ][  ][  ][  ][  ][  ][  ][  ][  ][  ][  ][  ][  ][  ][  ][  ][  ][  ][  ][  ][  ][  ][  ][  ][  ][  ][  ][  ][  ][  ][  ][  ][  ][  ][  ][  ][  ][  ][  ]
               0   1   2   3   4   5   6   7   8   9   10  11  12  13  14  15  16  17  18  19  20  21  22  23  24  25  26  27  28  29  30  31  32  33  34  35  36  37  38  39  40  41  42  43  44  45  46  47  48  49  50  51  52  53  54  55  56  57  58 

  7375 - 7433 [  ][  ][  ][  ][  ][  ][  ][  ][  ][  ][  ][  ][  ][  ][  ][  ][  ][  ][  ][  ][  ][  ][  ][  ][  ][  ][  ][  ][  ][  ][  ][  ][  ][  ][  ][  ][  ][  ][  ][  ][  ][  ][  ][  ][  ][  ][  ][  ][  ][  ][  ][  ][  ][  ][  ][  ][  ][  ][  ]
               0   1   2   3   4   5   6   7   8   9   10  11  12  13  14  15  16  17  18  19  20  21  22  23  24  25  26  27  28  29  30  31  32  33  34  35  36  37  38  39  40  41  42  43  44  45  46  47  48  49  50  51  52  53  54  55  56  57  58 

  7434 - 7492 [  ][  ][  ][  ][  ][  ][  ][  ][  ][  ][  ][  ][  ][  ][  ][  ][  ][  ][  ][  ][  ][  ][  ][  ][  ][  ][  ][  ][  ][  ][  ][  ][  ][  ][  ][  ][  ][  ][  ][  ][  ][  ][  ][  ][  ][  ][  ][  ][  ][  ][  ][  ][  ][  ][  ][  ][  ][  ][  ]
               0   1   2   3   4   5   6   7   8   9   10  11  12  13  14  15  16  17  18  19  20  21  22  23  24  25  26  27  28  29  30  31  32  33  34  35  36  37  38  39  40  41  42  43  44  45  46  47  48  49  50  51  52  53  54  55  56  57  58 

  7493 - 7551 [  ][  ][  ][  ][  ][  ][  ][  ][  ][  ][  ][  ][  ][  ][  ][  ][  ][  ][  ][  ][  ][  ][  ][  ][  ][  ][  ][  ][  ][  ][  ][  ][  ][  ][  ][  ][  ][  ][  ][  ][  ][  ][  ][  ][  ][  ][  ][  ][  ][  ][  ][  ][  ][  ][  ][  ][  ][  ][  ]
               0   1   2   3   4   5   6   7   8   9   10  11  12  13  14  15  16  17  18  19  20  21  22  23  24  25  26  27  28  29  30  31  32  33  34  35  36  37  38  39  40  41  42  43  44  45  46  47  48  49  50  51  52  53  54  55  56  57  58 

  7552 - 7610 [  ][  ][  ][  ][  ][  ][  ][  ][  ][  ][  ][  ][  ][  ][  ][  ][  ][  ][  ][  ][  ][  ][  ][  ][  ][  ][  ][  ][  ][  ][  ][  ][  ][  ][  ][  ][  ][  ][  ][  ][  ][  ][  ][  ][  ][  ][  ][  ][  ][  ][  ][  ][  ][  ][  ][  ][  ][  ][  ]
               0   1   2   3   4   5   6   7   8   9   10  11  12  13  14  15  16  17  18  19  20  21  22  23  24  25  26  27  28  29  30  31  32  33  34  35  36  37  38  39  40  41  42  43  44  45  46  47  48  49  50  51  52  53  54  55  56  57  58 

  7611 - 7669 [  ][  ][  ][  ][  ][  ][  ][  ][  ][  ][  ][  ][  ][  ][  ][  ][  ][  ][  ][  ][  ][  ][  ][  ][  ][  ][  ][  ][  ][  ][  ][  ][  ][  ][  ][  ][  ][  ][  ][  ][  ][  ][  ][  ][  ][  ][  ][  ][  ][  ][  ][  ][  ][  ][  ][  ][  ][  ][  ]
               0   1   2   3   4   5   6   7   8   9   10  11  12  13  14  15  16  17  18  19  20  21  22  23  24  25  26  27  28  29  30  31  32  33  34  35  36  37  38  39  40  41  42  43  44  45  46  47  48  49  50  51  52  53  54  55  56  57  58 

  7670 - 7728 [  ][  ][  ][  ][  ][  ][  ][  ][  ][  ][  ][  ][  ][  ][  ][  ][  ][  ][  ][  ][  ][  ][  ][  ][  ][  ][  ][  ][  ][  ][  ][  ][  ][  ][  ][  ][  ][  ][  ][  ][  ][  ][  ][  ][  ][  ][  ][  ][  ][  ][  ][  ][  ][  ][  ][  ][  ][  ][  ]
               0   1   2   3   4   5   6   7   8   9   10  11  12  13  14  15  16  17  18  19  20  21  22  23  24  25  26  27  28  29  30  31  32  33  34  35  36  37  38  39  40  41  42  43  44  45  46  47  48  49  50  51  52  53  54  55  56  57  58 

  7729 - 7787 [  ][  ][  ][  ][  ][  ][  ][  ][  ][  ][  ][  ][  ][  ][  ][  ][  ][  ][  ][  ][  ][  ][  ][  ][  ][  ][  ][  ][  ][  ][  ][  ][  ][  ][  ][  ][  ][  ][  ][  ][  ][  ][  ][  ][  ][  ][  ][  ][  ][  ][  ][  ][  ][  ][  ][  ][  ][  ][  ]
               0   1   2   3   4   5   6   7   8   9   10  11  12  13  14  15  16  17  18  19  20  21  22  23  24  25  26  27  28  29  30  31  32  33  34  35  36  37  38  39  40  41  42  43  44  45  46  47  48  49  50  51  52  53  54  55  56  57  58 

  7788 - 7846 [  ][  ][  ][  ][  ][  ][  ][  ][  ][  ][  ][  ][  ][  ][  ][  ][  ][  ][  ][  ][  ][  ][  ][  ][  ][  ][  ][  ][  ][  ][  ][  ][  ][  ][  ][  ][  ][  ][  ][  ][  ][  ][  ][  ][  ][  ][  ][  ][  ][  ][  ][  ][  ][  ][  ][  ][  ][  ][  ]
               0   1   2   3   4   5   6   7   8   9   10  11  12  13  14  15  16  17  18  19  20  21  22  23  24  25  26  27  28  29  30  31  32  33  34  35  36  37  38  39  40  41  42  43  44  45  46  47  48  49  50  51  52  53  54  55  56  57  58 

  7847 - 7905 [  ][  ][  ][  ][  ][  ][  ][  ][  ][  ][  ][  ][  ][  ][  ][  ][  ][  ][  ][  ][  ][  ][  ][  ][  ][  ][  ][  ][  ][  ][  ][  ][  ][  ][  ][  ][  ][  ][  ][  ][  ][  ][  ][  ][  ][  ][  ][  ][  ][  ][  ][  ][  ][  ][  ][  ][  ][  ][  ]
               0   1   2   3   4   5   6   7   8   9   10  11  12  13  14  15  16  17  18  19  20  21  22  23  24  25  26  27  28  29  30  31  32  33  34  35  36  37  38  39  40  41  42  43  44  45  46  47  48  49  50  51  52  53  54  55  56  57  58 

  7906 - 7964 [  ][  ][  ][  ][  ][  ][  ][  ][  ][  ][  ][  ][  ][  ][  ][  ][  ][  ][  ][  ][  ][  ][  ][  ][  ][  ][  ][  ][  ][  ][  ][  ][  ][  ][  ][  ][  ][  ][  ][  ][  ][  ][  ][  ][  ][  ][  ][  ][  ][  ][  ][  ][  ][  ][  ][  ][  ][  ][  ]
               0   1   2   3   4   5   6   7   8   9   10  11  12  13  14  15  16  17  18  19  20  21  22  23  24  25  26  27  28  29  30  31  32  33  34  35  36  37  38  39  40  41  42  43  44  45  46  47  48  49  50  51  52  53  54  55  56  57  58 

  7965 - 8023 [  ][  ][  ][  ][  ][  ][  ][  ][  ][  ][  ][  ][  ][  ][  ][  ][  ][  ][  ][  ][  ][  ][  ][  ][  ][  ][  ][  ][  ][  ][  ][  ][  ][  ][  ][  ][  ][  ][  ][  ][  ][  ][  ][  ][  ][  ][  ][  ][  ][  ][  ][  ][  ][  ][  ][  ][  ][  ][  ]
               0   1   2   3   4   5   6   7   8   9   10  11  12  13  14  15  16  17  18  19  20  21  22  23  24  25  26  27  28  29  30  31  32  33  34  35  36  37  38  39  40  41  42  43  44  45  46  47  48  49  50  51  52  53  54  55  56  57  58 

  8024 - 8082 [  ][  ][  ][  ][  ][  ][  ][  ][  ][  ][  ][  ][  ][  ][  ][  ][  ][  ][  ][  ][  ][  ][  ][  ][  ][  ][  ][  ][  ][  ][  ][  ][  ][  ][  ][  ][  ][  ][  ][  ][  ][  ][  ][  ][  ][  ][  ][  ][  ][  ][  ][  ][  ][  ][  ][  ][  ][  ][  ]
               0   1   2   3   4   5   6   7   8   9   10  11  12  13  14  15  16  17  18  19  20  21  22  23  24  25  26  27  28  29  30  31  32  33  34  35  36  37  38  39  40  41  42  43  44  45  46  47  48  49  50  51  52  53  54  55  56  57  58 

  8083 - 8141 [  ][  ][  ][  ][  ][  ][  ][  ][  ][  ][  ][  ][  ][  ][  ][  ][  ][  ][  ][  ][  ][  ][  ][  ][  ][  ][  ][  ][  ][  ][  ][  ][  ][  ][  ][  ][  ][  ][  ][  ][  ][  ][  ][  ][  ][  ][  ][  ][  ][  ][  ][  ][  ][  ][  ][  ][  ][  ][  ]
               0   1   2   3   4   5   6   7   8   9   10  11  12  13  14  15  16  17  18  19  20  21  22  23  24  25  26  27  28  29  30  31  32  33  34  35  36  37  38  39  40  41  42  43  44  45  46  47  48  49  50  51  52  53  54  55  56  57  58 

  8142 - 8200 [  ][  ][  ][  ][  ][  ][  ][  ][  ][  ][  ][  ][  ][  ][  ][  ][  ][  ][  ][  ][  ][  ][  ][  ][  ][  ][  ][  ][  ][  ][  ][  ][  ][  ][  ][  ][  ][  ][  ][  ][  ][  ][  ][  ][  ][  ][  ][  ][  ][  ][  ][  ][  ][  ][  ][  ][  ][  ][  ]
               0   1   2   3   4   5   6   7   8   9   10  11  12  13  14  15  16  17  18  19  20  21  22  23  24  25  26  27  28  29  30  31  32  33  34  35  36  37  38  39  40  41  42  43  44  45  46  47  48  49  50  51  52  53  54  55  56  57  58 

  8201 - 8259 [  ][  ][  ][  ][  ][  ][  ][  ][  ][  ][  ][  ][  ][  ][  ][  ][  ][  ][  ][  ][  ][  ][  ][  ][  ][  ][  ][  ][  ][  ][  ][  ][  ][  ][  ][  ][  ][  ][  ][  ][  ][  ][  ][  ][  ][  ][  ][  ][  ][  ][  ][  ][  ][  ][  ][  ][  ][  ][  ]
               0   1   2   3   4   5   6   7   8   9   10  11  12  13  14  15  16  17  18  19  20  21  22  23  24  25  26  27  28  29  30  31  32  33  34  35  36  37  38  39  40  41  42  43  44  45  46  47  48  49  50  51  52  53  54  55  56  57  58 

  8260 - 8318 [  ][  ][  ][  ][  ][  ][  ][  ][  ][  ][  ][  ][  ][  ][  ][  ][  ][  ][  ][  ][  ][  ][  ][  ][  ][  ][  ][  ][  ][  ][  ][  ][  ][  ][  ][  ][  ][  ][  ][  ][  ][  ][  ][  ][  ][  ][  ][  ][  ][  ][  ][  ][  ][  ][  ][  ][  ][  ][  ]
               0   1   2   3   4   5   6   7   8   9   10  11  12  13  14  15  16  17  18  19  20  21  22  23  24  25  26  27  28  29  30  31  32  33  34  35  36  37  38  39  40  41  42  43  44  45  46  47  48  49  50  51  52  53  54  55  56  57  58 

  8319 - 8377 [  ][  ][  ][  ][  ][  ][  ][  ][  ][  ][  ][  ][  ][  ][  ][  ][  ][  ][  ][  ][  ][  ][  ][  ][  ][  ][  ][  ][  ][  ][  ][  ][  ][  ][  ][  ][  ][  ][  ][  ][  ][  ][  ][  ][  ][  ][  ][  ][  ][  ][  ][  ][  ][  ][  ][  ][  ][  ][  ]
               0   1   2   3   4   5   6   7   8   9   10  11  12  13  14  15  16  17  18  19  20  21  22  23  24  25  26  27  28  29  30  31  32  33  34  35  36  37  38  39  40  41  42  43  44  45  46  47  48  49  50  51  52  53  54  55  56  57  58 

  8378 - 8436 [  ][  ][  ][  ][  ][  ][  ][  ][  ][  ][  ][  ][  ][  ][  ][  ][  ][  ][  ][  ][  ][  ][  ][  ][  ][  ][  ][  ][  ][  ][  ][  ][  ][  ][  ][  ][  ][  ][  ][  ][  ][  ][  ][  ][  ][  ][  ][  ][  ][  ][  ][  ][  ][  ][  ][  ][  ][  ][  ]
               0   1   2   3   4   5   6   7   8   9   10  11  12  13  14  15  16  17  18  19  20  21  22  23  24  25  26  27  28  29  30  31  32  33  34  35  36  37  38  39  40  41  42  43  44  45  46  47  48  49  50  51  52  53  54  55  56  57  58 

  8437 - 8495 [  ][  ][  ][  ][  ][  ][  ][  ][  ][  ][  ][  ][  ][  ][  ][  ][  ][  ][  ][  ][  ][  ][  ][  ][  ][  ][  ][  ][  ][  ][  ][  ][  ][  ][  ][  ][  ][  ][  ][  ][  ][  ][  ][  ][  ][  ][  ][  ][  ][  ][  ][  ][  ][  ][  ][  ][  ][  ][  ]
               0   1   2   3   4   5   6   7   8   9   10  11  12  13  14  15  16  17  18  19  20  21  22  23  24  25  26  27  28  29  30  31  32  33  34  35  36  37  38  39  40  41  42  43  44  45  46  47  48  49  50  51  52  53  54  55  56  57  58 

  8496 - 8554 [  ][  ][  ][  ][  ][  ][  ][  ][  ][  ][  ][  ][  ][  ][  ][  ][  ][  ][  ][  ][  ][  ][  ][  ][  ][  ][  ][  ][  ][  ][  ][  ][  ][  ][  ][  ][  ][  ][  ][  ][  ][  ][  ][  ][  ][  ][  ][  ][  ][  ][  ][  ][  ][  ][  ][  ][  ][  ][  ]
               0   1   2   3   4   5   6   7   8   9   10  11  12  13  14  15  16  17  18  19  20  21  22  23  24  25  26  27  28  29  30  31  32  33  34  35  36  37  38  39  40  41  42  43  44  45  46  47  48  49  50  51  52  53  54  55  56  57  58 

  8555 - 8613 [  ][  ][  ][  ][  ][  ][  ][  ][  ][  ][  ][  ][  ][  ][  ][  ][  ][  ][  ][  ][  ][  ][  ][  ][  ][  ][  ][  ][  ][  ][  ][  ][  ][  ][  ][  ][  ][  ][  ][  ][  ][  ][  ][  ][  ][  ][  ][  ][  ][  ][  ][  ][  ][  ][  ][  ][  ][  ][  ]
               0   1   2   3   4   5   6   7   8   9   10  11  12  13  14  15  16  17  18  19  20  21  22  23  24  25  26  27  28  29  30  31  32  33  34  35  36  37  38  39  40  41  42  43  44  45  46  47  48  49  50  51  52  53  54  55  56  57  58 

  8614 - 8672 [  ][  ][  ][  ][  ][  ][  ][  ][  ][  ][  ][  ][  ][  ][  ][  ][  ][  ][  ][  ][  ][  ][  ][  ][  ][  ][  ][  ][  ][  ][  ][  ][  ][  ][  ][  ][  ][  ][  ][  ][  ][  ][  ][  ][  ][  ][  ][  ][  ][  ][  ][  ][  ][  ][  ][  ][  ][  ][  ]
               0   1   2   3   4   5   6   7   8   9   10  11  12  13  14  15  16  17  18  19  20  21  22  23  24  25  26  27  28  29  30  31  32  33  34  35  36  37  38  39  40  41  42  43  44  45  46  47  48  49  50  51  52  53  54  55  56  57  58 

  8673 - 8731 [  ][  ][  ][  ][  ][  ][  ][  ][  ][  ][  ][  ][  ][  ][  ][  ][  ][  ][  ][  ][  ][  ][  ][  ][  ][  ][  ][  ][  ][  ][  ][  ][  ][  ][  ][  ][  ][  ][  ][  ][  ][  ][  ][  ][  ][  ][  ][  ][  ][  ][  ][  ][  ][  ][  ][  ][  ][  ][  ]
               0   1   2   3   4   5   6   7   8   9   10  11  12  13  14  15  16  17  18  19  20  21  22  23  24  25  26  27  28  29  30  31  32  33  34  35  36  37  38  39  40  41  42  43  44  45  46  47  48  49  50  51  52  53  54  55  56  57  58 

  8732 - 8790 [  ][  ][  ][  ][  ][  ][  ][  ][  ][  ][  ][  ][  ][  ][  ][  ][  ][  ][  ][  ][  ][  ][  ][  ][  ][  ][  ][  ][  ][  ][  ][  ][  ][  ][  ][  ][  ][  ][  ][  ][  ][  ][  ][  ][  ][  ][  ][  ][  ][  ][  ][  ][  ][  ][  ][  ][  ][  ][  ]
               0   1   2   3   4   5   6   7   8   9   10  11  12  13  14  15  16  17  18  19  20  21  22  23  24  25  26  27  28  29  30  31  32  33  34  35  36  37  38  39  40  41  42  43  44  45  46  47  48  49  50  51  52  53  54  55  56  57  58 

  8791 - 8849 [  ][  ][  ][  ][  ][  ][  ][  ][  ][  ][  ][  ][  ][  ][  ][  ][  ][  ][  ][  ][  ][  ][  ][  ][  ][  ][  ][  ][  ][  ][  ][  ][  ][  ][  ][  ][  ][  ][  ][  ][  ][  ][  ][  ][  ][  ][  ][  ][  ][  ][  ][  ][  ][  ][  ][  ][  ][  ][  ]
               0   1   2   3   4   5   6   7   8   9   10  11  12  13  14  15  16  17  18  19  20  21  22  23  24  25  26  27  28  29  30  31  32  33  34  35  36  37  38  39  40  41  42  43  44  45  46  47  48  49  50  51  52  53  54  55  56  57  58 

  8850 - 8908 [  ][  ][  ][  ][  ][  ][  ][  ][  ][  ][  ][  ][  ][  ][  ][  ][  ][  ][  ][  ][  ][  ][  ][  ][  ][  ][  ][  ][  ][  ][  ][  ][  ][  ][  ][  ][  ][  ][  ][  ][  ][  ][  ][  ][  ][  ][  ][  ][  ][  ][  ][  ][  ][  ][  ][  ][  ][  ][  ]
               0   1   2   3   4   5   6   7   8   9   10  11  12  13  14  15  16  17  18  19  20  21  22  23  24  25  26  27  28  29  30  31  32  33  34  35  36  37  38  39  40  41  42  43  44  45  46  47  48  49  50  51  52  53  54  55  56  57  58 

  8909 - 8967 [  ][  ][  ][  ][  ][  ][  ][  ][  ][  ][  ][  ][  ][  ][  ][  ][  ][  ][  ][  ][  ][  ][  ][  ][  ][  ][  ][  ][  ][  ][  ][  ][  ][  ][  ][  ][  ][  ][  ][  ][  ][  ][  ][  ][  ][  ][  ][  ][  ][  ][  ][  ][  ][  ][  ][  ][  ][  ][  ]
               0   1   2   3   4   5   6   7   8   9   10  11  12  13  14  15  16  17  18  19  20  21  22  23  24  25  26  27  28  29  30  31  32  33  34  35  36  37  38  39  40  41  42  43  44  45  46  47  48  49  50  51  52  53  54  55  56  57  58 

  8968 - 9026 [  ][  ][  ][  ][  ][  ][  ][  ][  ][  ][  ][  ][  ][  ][  ][  ][  ][  ][  ][  ][  ][  ][  ][  ][  ][  ][  ][  ][  ][  ][  ][  ][  ][  ][  ][  ][  ][  ][  ][  ][  ][  ][  ][  ][  ][  ][  ][  ][  ][  ][  ][  ][  ][  ][  ][  ][  ][  ][  ]
               0   1   2   3   4   5   6   7   8   9   10  11  12  13  14  15  16  17  18  19  20  21  22  23  24  25  26  27  28  29  30  31  32  33  34  35  36  37  38  39  40  41  42  43  44  45  46  47  48  49  50  51  52  53  54  55  56  57  58 

  9027 - 9085 [  ][  ][  ][  ][  ][  ][  ][  ][  ][  ][  ][  ][  ][  ][  ][  ][  ][  ][  ][  ][  ][  ][  ][  ][  ][  ][  ][  ][  ][  ][  ][  ][  ][  ][  ][  ][  ][  ][  ][  ][  ][  ][  ][  ][  ][  ][  ][  ][  ][  ][  ][  ][  ][  ][  ][  ][  ][  ][  ]
               0   1   2   3   4   5   6   7   8   9   10  11  12  13  14  15  16  17  18  19  20  21  22  23  24  25  26  27  28  29  30  31  32  33  34  35  36  37  38  39  40  41  42  43  44  45  46  47  48  49  50  51  52  53  54  55  56  57  58 

  9086 - 9144 [  ][  ][  ][  ][  ][  ][  ][  ][  ][  ][  ][  ][  ][  ][  ][  ][  ][  ][  ][  ][  ][  ][  ][  ][  ][  ][  ][  ][  ][  ][  ][  ][  ][  ][  ][  ][  ][  ][  ][  ][  ][  ][  ][  ][  ][  ][  ][  ][  ][  ][  ][  ][  ][  ][  ][  ][  ][  ][  ]
               0   1   2   3   4   5   6   7   8   9   10  11  12  13  14  15  16  17  18  19  20  21  22  23  24  25  26  27  28  29  30  31  32  33  34  35  36  37  38  39  40  41  42  43  44  45  46  47  48  49  50  51  52  53  54  55  56  57  58 

  9145 - 9203 [  ][  ][  ][  ][  ][  ][  ][  ][  ][  ][  ][  ][  ][  ][  ][  ][  ][  ][  ][  ][  ][  ][  ][  ][  ][  ][  ][  ][  ][  ][  ][  ][  ][  ][  ][  ][  ][  ][  ][  ][  ][  ][  ][  ][  ][  ][  ][  ][  ][  ][  ][  ][  ][  ][  ][  ][  ][  ][  ]
               0   1   2   3   4   5   6   7   8   9   10  11  12  13  14  15  16  17  18  19  20  21  22  23  24  25  26  27  28  29  30  31  32  33  34  35  36  37  38  39  40  41  42  43  44  45  46  47  48  49  50  51  52  53  54  55  56  57  58 

  9204 - 9262 [  ][  ][  ][  ][  ][  ][  ][  ][  ][  ][  ][  ][  ][  ][  ][  ][  ][  ][  ][  ][  ][  ][  ][  ][  ][  ][  ][  ][  ][  ][  ][  ][  ][  ][  ][  ][  ][  ][  ][  ][  ][  ][  ][  ][  ][  ][  ][  ][  ][  ][  ][  ][  ][  ][  ][  ][  ][  ][  ]
               0   1   2   3   4   5   6   7   8   9   10  11  12  13  14  15  16  17  18  19  20  21  22  23  24  25  26  27  28  29  30  31  32  33  34  35  36  37  38  39  40  41  42  43  44  45  46  47  48  49  50  51  52  53  54  55  56  57  58 

  9263 - 9321 [  ][  ][  ][  ][  ][  ][  ][  ][  ][  ][  ][  ][  ][  ][  ][  ][  ][  ][  ][  ][  ][  ][  ][  ][  ][  ][  ][  ][  ][  ][  ][  ][  ][  ][  ][  ][  ][  ][  ][  ][  ][  ][  ][  ][  ][  ][  ][  ][  ][  ][  ][  ][  ][  ][  ][  ][  ][  ][  ]
               0   1   2   3   4   5   6   7   8   9   10  11  12  13  14  15  16  17  18  19  20  21  22  23  24  25  26  27  28  29  30  31  32  33  34  35  36  37  38  39  40  41  42  43  44  45  46  47  48  49  50  51  52  53  54  55  56  57  58 

  9322 - 9380 [  ][  ][  ][  ][  ][  ][  ][  ][  ][  ][  ][  ][  ][  ][  ][  ][  ][  ][  ][  ][  ][  ][  ][  ][  ][  ][  ][  ][  ][  ][  ][  ][  ][  ][  ][  ][  ][  ][  ][  ][  ][  ][  ][  ][  ][  ][  ][  ][  ][  ][  ][  ][  ][  ][  ][  ][  ][  ][  ]
               0   1   2   3   4   5   6   7   8   9   10  11  12  13  14  15  16  17  18  19  20  21  22  23  24  25  26  27  28  29  30  31  32  33  34  35  36  37  38  39  40  41  42  43  44  45  46  47  48  49  50  51  52  53  54  55  56  57  58 

  9381 - 9439 [  ][  ][  ][  ][  ][  ][  ][  ][  ][  ][  ][  ][  ][  ][  ][  ][  ][  ][  ][  ][  ][  ][  ][  ][  ][  ][  ][  ][  ][  ][  ][  ][  ][  ][  ][  ][  ][  ][  ][  ][  ][  ][  ][  ][  ][  ][  ][  ][  ][  ][  ][  ][  ][  ][  ][  ][  ][  ][  ]
               0   1   2   3   4   5   6   7   8   9   10  11  12  13  14  15  16  17  18  19  20  21  22  23  24  25  26  27  28  29  30  31  32  33  34  35  36  37  38  39  40  41  42  43  44  45  46  47  48  49  50  51  52  53  54  55  56  57  58 

  9440 - 9498 [  ][  ][  ][  ][  ][  ][  ][  ][  ][  ][  ][  ][  ][  ][  ][  ][  ][  ][  ][  ][  ][  ][  ][  ][  ][  ][  ][  ][  ][  ][  ][  ][  ][  ][  ][  ][  ][  ][  ][  ][  ][  ][  ][  ][  ][  ][  ][  ][  ][  ][  ][  ][  ][  ][  ][  ][  ][  ][  ]
               0   1   2   3   4   5   6   7   8   9   10  11  12  13  14  15  16  17  18  19  20  21  22  23  24  25  26  27  28  29  30  31  32  33  34  35  36  37  38  39  40  41  42  43  44  45  46  47  48  49  50  51  52  53  54  55  56  57  58 

  9499 - 9557 [  ][  ][  ][  ][  ][  ][  ][  ][  ][  ][  ][  ][  ][  ][  ][  ][  ][  ][  ][  ][  ][  ][  ][  ][  ][  ][  ][  ][  ][  ][  ][  ][  ][  ][  ][  ][  ][  ][  ][  ][  ][  ][  ][  ][  ][  ][  ][  ][  ][  ][  ][  ][  ][  ][  ][  ][  ][  ][  ]
               0   1   2   3   4   5   6   7   8   9   10  11  12  13  14  15  16  17  18  19  20  21  22  23  24  25  26  27  28  29  30  31  32  33  34  35  36  37  38  39  40  41  42  43  44  45  46  47  48  49  50  51  52  53  54  55  56  57  58 

  9558 - 9616 [  ][  ][  ][  ][  ][  ][  ][  ][  ][  ][  ][  ][  ][  ][  ][  ][  ][  ][  ][  ][  ][  ][  ][  ][  ][  ][  ][  ][  ][  ][  ][  ][  ][  ][  ][  ][  ][  ][  ][  ][  ][  ][  ][  ][  ][  ][  ][  ][  ][  ][  ][  ][  ][  ][  ][  ][  ][  ][  ]
               0   1   2   3   4   5   6   7   8   9   10  11  12  13  14  15  16  17  18  19  20  21  22  23  24  25  26  27  28  29  30  31  32  33  34  35  36  37  38  39  40  41  42  43  44  45  46  47  48  49  50  51  52  53  54  55  56  57  58 

  9617 - 9675 [  ][  ][  ][  ][  ][  ][  ][  ][  ][  ][  ][  ][  ][  ][  ][  ][  ][  ][  ][  ][  ][  ][  ][  ][  ][  ][  ][  ][  ][  ][  ][  ][  ][  ][  ][  ][  ][  ][  ][  ][  ][  ][  ][  ][  ][  ][  ][  ][  ][  ][  ][  ][  ][  ][  ][  ][  ][  ][  ]
               0   1   2   3   4   5   6   7   8   9   10  11  12  13  14  15  16  17  18  19  20  21  22  23  24  25  26  27  28  29  30  31  32  33  34  35  36  37  38  39  40  41  42  43  44  45  46  47  48  49  50  51  52  53  54  55  56  57  58 

  9676 - 9734 [  ][  ][  ][  ][  ][  ][  ][  ][  ][  ][  ][  ][  ][  ][  ][  ][  ][  ][  ][  ][  ][  ][  ][  ][  ][  ][  ][  ][  ][  ][  ][  ][  ][  ][  ][  ][  ][  ][  ][  ][  ][  ][  ][  ][  ][  ][  ][  ][  ][  ][  ][  ][  ][  ][  ][  ][  ][  ][  ]
               0   1   2   3   4   5   6   7   8   9   10  11  12  13  14  15  16  17  18  19  20  21  22  23  24  25  26  27  28  29  30  31  32  33  34  35  36  37  38  39  40  41  42  43  44  45  46  47  48  49  50  51  52  53  54  55  56  57  58 

  9735 - 9793 [  ][  ][  ][  ][  ][  ][  ][  ][  ][  ][  ][  ][  ][  ][  ][  ][  ][  ][  ][  ][  ][  ][  ][  ][  ][  ][  ][  ][  ][  ][  ][  ][  ][  ][  ][  ][  ][  ][  ][  ][  ][  ][  ][  ][  ][  ][  ][  ][  ][  ][  ][  ][  ][  ][  ][  ][  ][  ][  ]
               0   1   2   3   4   5   6   7   8   9   10  11  12  13  14  15  16  17  18  19  20  21  22  23  24  25  26  27  28  29  30  31  32  33  34  35  36  37  38  39  40  41  42  43  44  45  46  47  48  49  50  51  52  53  54  55  56  57  58 

  9794 - 9852 [  ][  ][  ][  ][  ][  ][  ][  ][  ][  ][  ][  ][  ][  ][  ][  ][  ][  ][  ][  ][  ][  ][  ][  ][  ][  ][  ][  ][  ][  ][  ][  ][  ][  ][  ][  ][  ][  ][  ][  ][  ][  ][  ][  ][  ][  ][  ][  ][  ][  ][  ][  ][  ][  ][  ][  ][  ][  ][  ]
               0   1   2   3   4   5   6   7   8   9   10  11  12  13  14  15  16  17  18  19  20  21  22  23  24  25  26  27  28  29  30  31  32  33  34  35  36  37  38  39  40  41  42  43  44  45  46  47  48  49  50  51  52  53  54  55  56  57  58 

  9853 - 9911 [  ][  ][  ][  ][  ][  ][  ][  ][  ][  ][  ][  ][  ][  ][  ][  ][  ][  ][  ][  ][  ][  ][  ][  ][  ][  ][  ][  ][  ][  ][  ][  ][  ][  ][  ][  ][  ][  ][  ][  ][  ][  ][  ][  ][  ][  ][  ][  ][  ][  ][  ][  ][  ][  ][  ][  ][  ][  ][  ]
               0   1   2   3   4   5   6   7   8   9   10  11  12  13  14  15  16  17  18  19  20  21  22  23  24  25  26  27  28  29  30  31  32  33  34  35  36  37  38  39  40  41  42  43  44  45  46  47  48  49  50  51  52  53  54  55  56  57  58 

  9912 - 9970 [  ][  ][  ][  ][  ][  ][  ][  ][  ][  ][  ][  ][  ][  ][  ][  ][  ][  ][  ][  ][  ][  ][  ][  ][  ][  ][  ][  ][  ][  ][  ][  ][  ][  ][  ][  ][  ][  ][  ][  ][  ][  ][  ][  ][  ][  ][  ][  ][  ][  ][  ][  ][  ][  ][  ][  ][  ][  ][  ]
               0   1   2   3   4   5   6   7   8   9   10  11  12  13  14  15  16  17  18  19  20  21  22  23  24  25  26  27  28  29  30  31  32  33  34  35  36  37  38  39  40  41  42  43  44  45  46  47  48  49  50  51  52  53  54  55  56  57  58 

 9971 - 10029 [  ][  ][  ][  ][  ][  ][  ][  ][  ][  ][  ][  ][  ][  ][  ][  ][  ][  ][  ][  ][  ][  ][  ][  ][  ][  ][  ][  ][  ][  ][  ][  ][  ][  ][  ][  ][  ][  ][  ][  ][  ][  ][  ][  ][  ][  ][  ][  ][  ][  ][  ][  ][  ][  ][  ][  ][  ][  ][  ]
               0   1   2   3   4   5   6   7   8   9   10  11  12  13  14  15  16  17  18  19  20  21  22  23  24  25  26  27  28  29  30  31  32  33  34  35  36  37  38  39  40  41  42  43  44  45  46  47  48  49  50  51  52  53  54  55  56  57  58 

10030 - 10088 [  ][  ][  ][  ][  ][  ][  ][  ][  ][  ][  ][  ][  ][  ][  ][  ][  ][  ][  ][  ][  ][  ][  ][  ][  ][  ][  ][  ][  ][  ][  ][  ][  ][  ][  ][  ][  ][  ][  ][  ][  ][  ][  ][  ][  ][  ][  ][  ][  ][  ][  ][  ][  ][  ][  ][  ][  ][  ][  ]
               0   1   2   3   4   5   6   7   8   9   10  11  12  13  14  15  16  17  18  19  20  21  22  23  24  25  26  27  28  29  30  31  32  33  34  35  36  37  38  39  40  41  42  43  44  45  46  47  48  49  50  51  52  53  54  55  56  57  58 

10089 - 10147 [  ][  ][  ][  ][  ][  ][  ][  ][  ][  ][  ][  ][  ][  ][  ][  ][  ][  ][  ][  ][  ][  ][  ][  ][  ][  ][  ][  ][  ][  ][  ][  ][  ][  ][  ][  ][  ][  ][  ][  ][  ][  ][  ][  ][  ][  ][  ][  ][  ][  ][  ][  ][  ][  ][  ][  ][  ][  ][  ]
               0   1   2   3   4   5   6   7   8   9   10  11  12  13  14  15  16  17  18  19  20  21  22  23  24  25  26  27  28  29  30  31  32  33  34  35  36  37  38  39  40  41  42  43  44  45  46  47  48  49  50  51  52  53  54  55  56  57  58 

10148 - 10206 [  ][  ][  ][  ][  ][  ][  ][  ][  ][  ][  ][  ][  ][  ][  ][  ][  ][  ][  ][  ][  ][  ][  ][  ][  ][  ][  ][  ][  ][  ][  ][  ][  ][  ][  ][  ][  ][  ][  ][  ][  ][  ][  ][  ][  ][  ][  ][  ][  ][  ][  ][  ][  ][  ][  ][  ][  ][  ][  ]
               0   1   2   3   4   5   6   7   8   9   10  11  12  13  14  15  16  17  18  19  20  21  22  23  24  25  26  27  28  29  30  31  32  33  34  35  36  37  38  39  40  41  42  43  44  45  46  47  48  49  50  51  52  53  54  55  56  57  58 

10207 - 10265 [  ][  ][  ][  ][  ][  ][  ][  ][  ][  ][  ][  ][  ][  ][  ][  ][  ][  ][  ][  ][  ][  ][  ][  ][  ][  ][  ][  ][  ][  ][  ][  ][  ][  ][  ][  ][  ][  ][  ][  ][  ][  ][  ][  ][  ][  ][  ][  ][  ][  ][  ][  ][  ][  ][  ][  ][  ][  ][  ]
               0   1   2   3   4   5   6   7   8   9   10  11  12  13  14  15  16  17  18  19  20  21  22  23  24  25  26  27  28  29  30  31  32  33  34  35  36  37  38  39  40  41  42  43  44  45  46  47  48  49  50  51  52  53  54  55  56  57  58 

10266 - 10324 [  ][  ][  ][  ][  ][  ][  ][  ][  ][  ][  ][  ][  ][  ][  ][  ][  ][  ][  ][  ][  ][  ][  ][  ][  ][  ][  ][  ][  ][  ][  ][  ][  ][  ][  ][  ][  ][  ][  ][  ][  ][  ][  ][  ][  ][  ][  ][  ][  ][  ][  ][  ][  ][  ][  ][  ][  ][  ][  ]
               0   1   2   3   4   5   6   7   8   9   10  11  12  13  14  15  16  17  18  19  20  21  22  23  24  25  26  27  28  29  30  31  32  33  34  35  36  37  38  39  40  41  42  43  44  45  46  47  48  49  50  51  52  53  54  55  56  57  58 

10325 - 10383 [  ][  ][  ][  ][  ][  ][  ][  ][  ][  ][  ][  ][  ][  ][  ][  ][  ][  ][  ][  ][  ][  ][  ][  ][  ][  ][  ][  ][  ][  ][  ][  ][  ][  ][  ][  ][  ][  ][  ][  ][  ][  ][  ][  ][  ][  ][  ][  ][  ][  ][  ][  ][  ][  ][  ][  ][  ][  ][  ]
               0   1   2   3   4   5   6   7   8   9   10  11  12  13  14  15  16  17  18  19  20  21  22  23  24  25  26  27  28  29  30  31  32  33  34  35  36  37  38  39  40  41  42  43  44  45  46  47  48  49  50  51  52  53  54  55  56  57  58 

10384 - 10442 [  ][  ][  ][  ][  ][  ][  ][  ][  ][  ][  ][  ][  ][  ][  ][  ][  ][  ][  ][  ][  ][  ][  ][  ][  ][  ][  ][  ][  ][  ][  ][  ][  ][  ][  ][  ][  ][  ][  ][  ][  ][  ][  ][  ][  ][  ][  ][  ][  ][  ][  ][  ][  ][  ][  ][  ][  ][  ][  ]
               0   1   2   3   4   5   6   7   8   9   10  11  12  13  14  15  16  17  18  19  20  21  22  23  24  25  26  27  28  29  30  31  32  33  34  35  36  37  38  39  40  41  42  43  44  45  46  47  48  49  50  51  52  53  54  55  56  57  58 

10443 - 10501 [  ][  ][  ][  ][  ][  ][  ][  ][  ][  ][  ][  ][  ][  ][  ][  ][  ][  ][  ][  ][  ][  ][  ][  ][  ][  ][  ][  ][  ][  ][  ][  ][  ][  ][  ][  ][  ][  ][  ][  ][  ][  ][  ][  ][  ][  ][  ][  ][  ][  ][  ][  ][  ][  ][  ][  ][  ][  ][  ]
               0   1   2   3   4   5   6   7   8   9   10  11  12  13  14  15  16  17  18  19  20  21  22  23  24  25  26  27  28  29  30  31  32  33  34  35  36  37  38  39  40  41  42  43  44  45  46  47  48  49  50  51  52  53  54  55  56  57  58 

10502 - 10560 [  ][  ][  ][  ][  ][  ][  ][  ][  ][  ][  ][  ][  ][  ][  ][  ][  ][  ][  ][  ][  ][  ][  ][  ][  ][  ][  ][  ][  ][  ][  ][  ][  ][  ][  ][  ][  ][  ][  ][  ][  ][  ][  ][  ][  ][  ][  ][  ][  ][  ][  ][  ][  ][  ][  ][  ][  ][  ][  ]
               0   1   2   3   4   5   6   7   8   9   10  11  12  13  14  15  16  17  18  19  20  21  22  23  24  25  26  27  28  29  30  31  32  33  34  35  36  37  38  39  40  41  42  43  44  45  46  47  48  49  50  51  52  53  54  55  56  57  58 

10561 - 10619 [  ][  ][  ][  ][  ][  ][  ][  ][  ][  ][  ][  ][  ][  ][  ][  ][  ][  ][  ][  ][  ][  ][  ][  ][  ][  ][  ][  ][  ][  ][  ][  ][  ][  ][  ][  ][  ][  ][  ][  ][  ][  ][  ][  ][  ][  ][  ][  ][  ][  ][  ][  ][  ][  ][  ][  ][  ][  ][  ]
               0   1   2   3   4   5   6   7   8   9   10  11  12  13  14  15  16  17  18  19  20  21  22  23  24  25  26  27  28  29  30  31  32  33  34  35  36  37  38  39  40  41  42  43  44  45  46  47  48  49  50  51  52  53  54  55  56  57  58 

10620 - 10678 [  ][  ][  ][  ][  ][  ][  ][  ][  ][  ][  ][  ][  ][  ][  ][  ][  ][  ][  ][  ][  ][  ][  ][  ][  ][  ][  ][  ][  ][  ][  ][  ][  ][  ][  ][  ][  ][  ][  ][  ][  ][  ][  ][  ][  ][  ][  ][  ][  ][  ][  ][  ][  ][  ][  ][  ][  ][  ][  ]
               0   1   2   3   4   5   6   7   8   9   10  11  12  13  14  15  16  17  18  19  20  21  22  23  24  25  26  27  28  29  30  31  32  33  34  35  36  37  38  39  40  41  42  43  44  45  46  47  48  49  50  51  52  53  54  55  56  57  58 

10679 - 10737 [  ][  ][  ][  ][  ][  ][  ][  ][  ][  ][  ][  ][  ][  ][  ][  ][  ][  ][  ][  ][  ][  ][  ][  ][  ][  ][  ][  ][  ][  ][  ][  ][  ][  ][  ][  ][  ][  ][  ][  ][  ][  ][  ][  ][  ][  ][  ][  ][  ][  ][  ][  ][  ][  ][  ][  ][  ][  ][  ]
               0   1   2   3   4   5   6   7   8   9   10  11  12  13  14  15  16  17  18  19  20  21  22  23  24  25  26  27  28  29  30  31  32  33  34  35  36  37  38  39  40  41  42  43  44  45  46  47  48  49  50  51  52  53  54  55  56  57  58 

10738 - 10796 [  ][  ][  ][  ][  ][  ][  ][  ][  ][  ][  ][  ][  ][  ][  ][  ][  ][  ][  ][  ][  ][  ][  ][  ][  ][  ][  ][  ][  ][  ][  ][  ][  ][  ][  ][  ][  ][  ][  ][  ][  ][  ][  ][  ][  ][  ][  ][  ][  ][  ][  ][  ][  ][  ][  ][  ][  ][  ][  ]
               0   1   2   3   4   5   6   7   8   9   10  11  12  13  14  15  16  17  18  19  20  21  22  23  24  25  26  27  28  29  30  31  32  33  34  35  36  37  38  39  40  41  42  43  44  45  46  47  48  49  50  51  52  53  54  55  56  57  58 

10797 - 10855 [  ][  ][  ][  ][  ][  ][  ][  ][  ][  ][  ][  ][  ][  ][  ][  ][  ][  ][  ][  ][  ][  ][  ][  ][  ][  ][  ][  ][  ][  ][  ][  ][  ][  ][  ][  ][  ][  ][  ][  ][  ][  ][  ][  ][  ][  ][  ][  ][  ][  ][  ][  ][  ][  ][  ][  ][  ][  ][  ]
               0   1   2   3   4   5   6   7   8   9   10  11  12  13  14  15  16  17  18  19  20  21  22  23  24  25  26  27  28  29  30  31  32  33  34  35  36  37  38  39  40  41  42  43  44  45  46  47  48  49  50  51  52  53  54  55  56  57  58 

10856 - 10914 [  ][  ][  ][  ][  ][  ][  ][  ][  ][  ][  ][  ][  ][  ][  ][  ][  ][  ][  ][  ][  ][  ][  ][  ][  ][  ][  ][  ][  ][  ][  ][  ][  ][  ][  ][  ][  ][  ][  ][  ][  ][  ][  ][  ][  ][  ][  ][  ][  ][  ][  ][  ][  ][  ][  ][  ][  ][  ][  ]
               0   1   2   3   4   5   6   7   8   9   10  11  12  13  14  15  16  17  18  19  20  21  22  23  24  25  26  27  28  29  30  31  32  33  34  35  36  37  38  39  40  41  42  43  44  45  46  47  48  49  50  51  52  53  54  55  56  57  58 

10915 - 10973 [  ][  ][  ][  ][  ][  ][  ][  ][  ][  ][  ][  ][  ][  ][  ][  ][  ][  ][  ][  ][  ][  ][  ][  ][  ][  ][  ][  ][  ][  ][  ][  ][  ][  ][  ][  ][  ][  ][  ][  ][  ][  ][  ][  ][  ][  ][  ][  ][  ][  ][  ][  ][  ][  ][  ][  ][  ][  ][  ]
               0   1   2   3   4   5   6   7   8   9   10  11  12  13  14  15  16  17  18  19  20  21  22  23  24  25  26  27  28  29  30  31  32  33  34  35  36  37  38  39  40  41  42  43  44  45  46  47  48  49  50  51  52  53  54  55  56  57  58 

10974 - 11032 [  ][  ][  ][  ][  ][  ][  ][  ][  ][  ][  ][  ][  ][  ][  ][  ][  ][  ][  ][  ][  ][  ][  ][  ][  ][  ][  ][  ][  ][  ][  ][  ][  ][  ][  ][  ][  ][  ][  ][  ][  ][  ][  ][  ][  ][  ][  ][  ][  ][  ][  ][  ][  ][  ][  ][  ][  ][  ][  ]
               0   1   2   3   4   5   6   7   8   9   10  11  12  13  14  15  16  17  18  19  20  21  22  23  24  25  26  27  28  29  30  31  32  33  34  35  36  37  38  39  40  41  42  43  44  45  46  47  48  49  50  51  52  53  54  55  56  57  58 

11033 - 11091 [  ][  ][  ][  ][  ][  ][  ][  ][  ][  ][  ][  ][  ][  ][  ][  ][  ][  ][  ][  ][  ][  ][  ][  ][  ][  ][  ][  ][  ][  ][  ][  ][  ][  ][  ][  ][  ][  ][  ][  ][  ][  ][  ][  ][  ][  ][  ][  ][  ][  ][  ][  ][  ][  ][  ][  ][  ][  ][  ]
               0   1   2   3   4   5   6   7   8   9   10  11  12  13  14  15  16  17  18  19  20  21  22  23  24  25  26  27  28  29  30  31  32  33  34  35  36  37  38  39  40  41  42  43  44  45  46  47  48  49  50  51  52  53  54  55  56  57  58 

11092 - 11150 [  ][  ][  ][  ][  ][  ][  ][  ][  ][  ][  ][  ][  ][  ][  ][  ][  ][  ][  ][  ][  ][  ][  ][  ][  ][  ][  ][  ][  ][  ][  ][  ][  ][  ][  ][  ][  ][  ][  ][  ][  ][  ][  ][  ][  ][  ][  ][  ][  ][  ][  ][  ][  ][  ][  ][  ][  ][  ][  ]
               0   1   2   3   4   5   6   7   8   9   10  11  12  13  14  15  16  17  18  19  20  21  22  23  24  25  26  27  28  29  30  31  32  33  34  35  36  37  38  39  40  41  42  43  44  45  46  47  48  49  50  51  52  53  54  55  56  57  58 

11151 - 11209 [  ][  ][  ][  ][  ][  ][  ][  ][  ][  ][  ][  ][  ][  ][  ][  ][  ][  ][  ][  ][  ][  ][  ][  ][  ][  ][  ][  ][  ][  ][  ][  ][  ][  ][  ][  ][  ][  ][  ][  ][  ][  ][  ][  ][  ][  ][  ][  ][  ][  ][  ][  ][  ][  ][  ][  ][  ][  ][  ]
               0   1   2   3   4   5   6   7   8   9   10  11  12  13  14  15  16  17  18  19  20  21  22  23  24  25  26  27  28  29  30  31  32  33  34  35  36  37  38  39  40  41  42  43  44  45  46  47  48  49  50  51  52  53  54  55  56  57  58 

11210 - 11268 [  ][  ][  ][  ][  ][  ][  ][  ][  ][  ][  ][  ][  ][  ][  ][  ][  ][  ][  ][  ][  ][  ][  ][  ][  ][  ][  ][  ][  ][  ][  ][  ][  ][  ][  ][  ][  ][  ][  ][  ][  ][  ][  ][  ][  ][  ][  ][  ][  ][  ][  ][  ][  ][  ][  ][  ][  ][  ][  ]
               0   1   2   3   4   5   6   7   8   9   10  11  12  13  14  15  16  17  18  19  20  21  22  23  24  25  26  27  28  29  30  31  32  33  34  35  36  37  38  39  40  41  42  43  44  45  46  47  48  49  50  51  52  53  54  55  56  57  58 

11269 - 11327 [  ][  ][  ][  ][  ][  ][  ][  ][  ][  ][  ][  ][  ][  ][  ][  ][  ][  ][  ][  ][  ][  ][  ][  ][  ][  ][  ][  ][  ][  ][  ][  ][  ][  ][  ][  ][  ][  ][  ][  ][  ][  ][  ][  ][  ][  ][  ][  ][  ][  ][  ][  ][  ][  ][  ][  ][  ][  ][  ]
               0   1   2   3   4   5   6   7   8   9   10  11  12  13  14  15  16  17  18  19  20  21  22  23  24  25  26  27  28  29  30  31  32  33  34  35  36  37  38  39  40  41  42  43  44  45  46  47  48  49  50  51  52  53  54  55  56  57  58 

11328 - 11386 [  ][  ][  ][  ][  ][  ][  ][  ][  ][  ][  ][  ][  ][  ][  ][  ][  ][  ][  ][  ][  ][  ][  ][  ][  ][  ][  ][  ][  ][  ][  ][  ][  ][  ][  ][  ][  ][  ][  ][  ][  ][  ][  ][  ][  ][  ][  ][  ][  ][  ][  ][  ][  ][  ][  ][  ][  ][  ][  ]
               0   1   2   3   4   5   6   7   8   9   10  11  12  13  14  15  16  17  18  19  20  21  22  23  24  25  26  27  28  29  30  31  32  33  34  35  36  37  38  39  40  41  42  43  44  45  46  47  48  49  50  51  52  53  54  55  56  57  58 

11387 - 11445 [  ][  ][  ][  ][  ][  ][  ][  ][  ][  ][  ][  ][  ][  ][  ][  ][  ][  ][  ][  ][  ][  ][  ][  ][  ][  ][  ][  ][  ][  ][  ][  ][  ][  ][  ][  ][  ][  ][  ][  ][  ][  ][  ][  ][  ][  ][  ][  ][  ][  ][  ][  ][  ][  ][  ][  ][  ][  ][  ]
               0   1   2   3   4   5   6   7   8   9   10  11  12  13  14  15  16  17  18  19  20  21  22  23  24  25  26  27  28  29  30  31  32  33  34  35  36  37  38  39  40  41  42  43  44  45  46  47  48  49  50  51  52  53  54  55  56  57  58 

11446 - 11504 [  ][  ][  ][  ][  ][  ][  ][  ][  ][  ][  ][  ][  ][  ][  ][  ][  ][  ][  ][  ][  ][  ][  ][  ][  ][  ][  ][  ][  ][  ][  ][  ][  ][  ][  ][  ][  ][  ][  ][  ][  ][  ][  ][  ][  ][  ][  ][  ][  ][  ][  ][  ][  ][  ][  ][  ][  ][  ][  ]
               0   1   2   3   4   5   6   7   8   9   10  11  12  13  14  15  16  17  18  19  20  21  22  23  24  25  26  27  28  29  30  31  32  33  34  35  36  37  38  39  40  41  42  43  44  45  46  47  48  49  50  51  52  53  54  55  56  57  58 

11505 - 11563 [  ][  ][  ][  ][  ][  ][  ][  ][  ][  ][  ][  ][  ][  ][  ][  ][  ][  ][  ][  ][  ][  ][  ][  ][  ][  ][  ][  ][  ][  ][  ][  ][  ][  ][  ][  ][  ][  ][  ][  ][  ][  ][  ][  ][  ][  ][  ][  ][  ][  ][  ][  ][  ][  ][  ][  ][  ][  ][  ]
               0   1   2   3   4   5   6   7   8   9   10  11  12  13  14  15  16  17  18  19  20  21  22  23  24  25  26  27  28  29  30  31  32  33  34  35  36  37  38  39  40  41  42  43  44  45  46  47  48  49  50  51  52  53  54  55  56  57  58 

11564 - 11622 [  ][  ][  ][  ][  ][  ][  ][  ][  ][  ][  ][  ][  ][  ][  ][  ][  ][  ][  ][  ][  ][  ][  ][  ][  ][  ][  ][  ][  ][  ][  ][  ][  ][  ][  ][  ][  ][  ][  ][  ][  ][  ][  ][  ][  ][  ][  ][  ][  ][  ][  ][  ][  ][  ][  ][  ][  ][  ][  ]
               0   1   2   3   4   5   6   7   8   9   10  11  12  13  14  15  16  17  18  19  20  21  22  23  24  25  26  27  28  29  30  31  32  33  34  35  36  37  38  39  40  41  42  43  44  45  46  47  48  49  50  51  52  53  54  55  56  57  58 

11623 - 11681 [  ][  ][  ][  ][  ][  ][  ][  ][  ][  ][  ][  ][  ][  ][  ][  ][  ][  ][  ][  ][  ][  ][  ][  ][  ][  ][  ][  ][  ][  ][  ][  ][  ][  ][  ][  ][  ][  ][  ][  ][  ][  ][  ][  ][  ][  ][  ][  ][  ][  ][  ][  ][  ][  ][  ][  ][  ][  ][  ]
               0   1   2   3   4   5   6   7   8   9   10  11  12  13  14  15  16  17  18  19  20  21  22  23  24  25  26  27  28  29  30  31  32  33  34  35  36  37  38  39  40  41  42  43  44  45  46  47  48  49  50  51  52  53  54  55  56  57  58 

11682 - 11740 [  ][  ][  ][  ][  ][  ][  ][  ][  ][  ][  ][  ][  ][  ][  ][  ][  ][  ][  ][  ][  ][  ][  ][  ][  ][  ][  ][  ][  ][  ][  ][  ][  ][  ][  ][  ][  ][  ][  ][  ][  ][  ][  ][  ][  ][  ][  ][  ][  ][  ][  ][  ][  ][  ][  ][  ][  ][  ][  ]
               0   1   2   3   4   5   6   7   8   9   10  11  12  13  14  15  16  17  18  19  20  21  22  23  24  25  26  27  28  29  30  31  32  33  34  35  36  37  38  39  40  41  42  43  44  45  46  47  48  49  50  51  52  53  54  55  56  57  58 

11741 - 11799 [  ][  ][  ][  ][  ][  ][  ][  ][  ][  ][  ][  ][  ][  ][  ][  ][  ][  ][  ][  ][  ][  ][  ][  ][  ][  ][  ][  ][  ][  ][  ][  ][  ][  ][  ][  ][  ][  ][  ][  ][  ][  ][  ][  ][  ][  ][  ][  ][  ][  ][  ][  ][  ][  ][  ][  ][  ][  ][  ]
               0   1   2   3   4   5   6   7   8   9   10  11  12  13  14  15  16  17  18  19  20  21  22  23  24  25  26  27  28  29  30  31  32  33  34  35  36  37  38  39  40  41  42  43  44  45  46  47  48  49  50  51  52  53  54  55  56  57  58 

11800 - 11858 [  ][  ][  ][  ][  ][  ][  ][  ][  ][  ][  ][  ][  ][  ][  ][  ][  ][  ][  ][  ][  ][  ][  ][  ][  ][  ][  ][  ][  ][  ][  ][  ][  ][  ][  ][  ][  ][  ][  ][  ][  ][  ][  ][  ][  ][  ][  ][  ][  ][  ][  ][  ][  ][  ][  ][  ][  ][  ][  ]
               0   1   2   3   4   5   6   7   8   9   10  11  12  13  14  15  16  17  18  19  20  21  22  23  24  25  26  27  28  29  30  31  32  33  34  35  36  37  38  39  40  41  42  43  44  45  46  47  48  49  50  51  52  53  54  55  56  57  58 

11859 - 11917 [  ][  ][  ][  ][  ][  ][  ][  ][  ][  ][  ][  ][  ][  ][  ][  ][  ][  ][  ][  ][  ][  ][  ][  ][  ][  ][  ][  ][  ][  ][  ][  ][  ][  ][  ][  ][  ][  ][  ][  ][  ][  ][  ][  ][  ][  ][  ][  ][  ][  ][  ][  ][  ][  ][  ][  ][  ][  ][  ]
               0   1   2   3   4   5   6   7   8   9   10  11  12  13  14  15  16  17  18  19  20  21  22  23  24  25  26  27  28  29  30  31  32  33  34  35  36  37  38  39  40  41  42  43  44  45  46  47  48  49  50  51  52  53  54  55  56  57  58 

11918 - 11976 [  ][  ][  ][  ][  ][  ][  ][  ][  ][  ][  ][  ][  ][  ][  ][  ][  ][  ][  ][  ][  ][  ][  ][  ][  ][  ][  ][  ][  ][  ][  ][  ][  ][  ][  ][  ][  ][  ][  ][  ][  ][  ][  ][  ][  ][  ][  ][  ][  ][  ][  ][  ][  ][  ][  ][  ][  ][  ][  ]
               0   1   2   3   4   5   6   7   8   9   10  11  12  13  14  15  16  17  18  19  20  21  22  23  24  25  26  27  28  29  30  31  32  33  34  35  36  37  38  39  40  41  42  43  44  45  46  47  48  49  50  51  52  53  54  55  56  57  58 

11977 - 12035 [  ][  ][  ][  ][  ][  ][  ][  ][  ][  ][  ][  ][  ][  ][  ][  ][  ][  ][  ][  ][  ][  ][  ][  ][  ][  ][  ][  ][  ][  ][  ][  ][  ][  ][  ][  ][  ][  ][  ][  ][  ][  ][  ][  ][  ][  ][  ][  ][  ][  ][  ][  ][  ][  ][  ][  ][  ][  ][  ]
               0   1   2   3   4   5   6   7   8   9   10  11  12  13  14  15  16  17  18  19  20  21  22  23  24  25  26  27  28  29  30  31  32  33  34  35  36  37  38  39  40  41  42  43  44  45  46  47  48  49  50  51  52  53  54  55  56  57  58 

12036 - 12094 [  ][  ][  ][  ][  ][  ][  ][  ][  ][  ][  ][  ][  ][  ][  ][  ][  ][  ][  ][  ][  ][  ][  ][  ][  ][  ][  ][  ][  ][  ][  ][  ][  ][  ][  ][  ][  ][  ][  ][  ][  ][  ][  ][  ][  ][  ][  ][  ][  ][  ][  ][  ][  ][  ][  ][  ][  ][  ][  ]
               0   1   2   3   4   5   6   7   8   9   10  11  12  13  14  15  16  17  18  19  20  21  22  23  24  25  26  27  28  29  30  31  32  33  34  35  36  37  38  39  40  41  42  43  44  45  46  47  48  49  50  51  52  53  54  55  56  57  58 

12095 - 12153 [  ][  ][  ][  ][  ][  ][  ][  ][  ][  ][  ][  ][  ][  ][  ][  ][  ][  ][  ][  ][  ][  ][  ][  ][  ][  ][  ][  ][  ][  ][  ][  ][  ][  ][  ][  ][  ][  ][  ][  ][  ][  ][  ][  ][  ][  ][  ][  ][  ][  ][  ][  ][  ][  ][  ][  ][  ][  ][  ]
               0   1   2   3   4   5   6   7   8   9   10  11  12  13  14  15  16  17  18  19  20  21  22  23  24  25  26  27  28  29  30  31  32  33  34  35  36  37  38  39  40  41  42  43  44  45  46  47  48  49  50  51  52  53  54  55  56  57  58 

12154 - 12212 [  ][  ][  ][  ][  ][  ][  ][  ][  ][  ][  ][  ][  ][  ][  ][  ][  ][  ][  ][  ][  ][  ][  ][  ][  ][  ][  ][  ][  ][  ][  ][  ][  ][  ][  ][  ][  ][  ][  ][  ][  ][  ][  ][  ][  ][  ][  ][  ][  ][  ][  ][  ][  ][  ][  ][  ][  ][  ][  ]
               0   1   2   3   4   5   6   7   8   9   10  11  12  13  14  15  16  17  18  19  20  21  22  23  24  25  26  27  28  29  30  31  32  33  34  35  36  37  38  39  40  41  42  43  44  45  46  47  48  49  50  51  52  53  54  55  56  57  58 

12213 - 12271 [  ][  ][  ][  ][  ][  ][  ][  ][  ][  ][  ][  ][  ][  ][  ][  ][  ][  ][  ][  ][  ][  ][  ][  ][  ][  ][  ][  ][  ][  ][  ][  ][  ][  ][  ][  ][  ][  ][  ][  ][  ][  ][  ][  ][  ][  ][  ][  ][  ][  ][  ][  ][  ][  ][  ][  ][  ][  ][  ]
               0   1   2   3   4   5   6   7   8   9   10  11  12  13  14  15  16  17  18  19  20  21  22  23  24  25  26  27  28  29  30  31  32  33  34  35  36  37  38  39  40  41  42  43  44  45  46  47  48  49  50  51  52  53  54  55  56  57  58 

12272 - 12330 [  ][  ][  ][  ][  ][  ][  ][  ][  ][  ][  ][  ][  ][  ][  ][  ][  ][  ][  ][  ][  ][  ][  ][  ][  ][  ][  ][  ][  ][  ][  ][  ][  ][  ][  ][  ][  ][  ][  ][  ][  ][  ][  ][  ][  ][  ][  ][  ][  ][  ][  ][  ][  ][  ][  ][  ][  ][  ][  ]
               0   1   2   3   4   5   6   7   8   9   10  11  12  13  14  15  16  17  18  19  20  21  22  23  24  25  26  27  28  29  30  31  32  33  34  35  36  37  38  39  40  41  42  43  44  45  46  47  48  49  50  51  52  53  54  55  56  57  58 

12331 - 12389 [  ][  ][  ][  ][  ][  ][  ][  ][  ][  ][  ][  ][  ][  ][  ][  ][  ][  ][  ][  ][  ][  ][  ][  ][  ][  ][  ][  ][  ][  ][  ][  ][  ][  ][  ][  ][  ][  ][  ][  ][  ][  ][  ][  ][  ][  ][  ][  ][  ][  ][  ][  ][  ][  ][  ][  ][  ][  ][  ]
               0   1   2   3   4   5   6   7   8   9   10  11  12  13  14  15  16  17  18  19  20  21  22  23  24  25  26  27  28  29  30  31  32  33  34  35  36  37  38  39  40  41  42  43  44  45  46  47  48  49  50  51  52  53  54  55  56  57  58 

12390 - 12448 [  ][  ][  ][  ][  ][  ][  ][  ][  ][  ][  ][  ][  ][  ][  ][  ][  ][  ][  ][  ][  ][  ][  ][  ][  ][  ][  ][  ][  ][  ][  ][  ][  ][  ][  ][  ][  ][  ][  ][  ][  ][  ][  ][  ][  ][  ][  ][  ][  ][  ][  ][  ][  ][  ][  ][  ][  ][  ][  ]
               0   1   2   3   4   5   6   7   8   9   10  11  12  13  14  15  16  17  18  19  20  21  22  23  24  25  26  27  28  29  30  31  32  33  34  35  36  37  38  39  40  41  42  43  44  45  46  47  48  49  50  51  52  53  54  55  56  57  58 

12449 - 12507 [  ][  ][  ][  ][  ][  ][  ][  ][  ][  ][  ][  ][  ][  ][  ][  ][  ][  ][  ][  ][  ][  ][  ][  ][  ][  ][  ][  ][  ][  ][  ][  ][  ][  ][  ][  ][  ][  ][  ][  ][  ][  ][  ][  ][  ][  ][  ][  ][  ][  ][  ][  ][  ][  ][  ][  ][  ][  ][  ]
               0   1   2   3   4   5   6   7   8   9   10  11  12  13  14  15  16  17  18  19  20  21  22  23  24  25  26  27  28  29  30  31  32  33  34  35  36  37  38  39  40  41  42  43  44  45  46  47  48  49  50  51  52  53  54  55  56  57  58 

12508 - 12566 [  ][  ][  ][  ][  ][  ][  ][  ][  ][  ][  ][  ][  ][  ][  ][  ][  ][  ][  ][  ][  ][  ][  ][  ][  ][  ][  ][  ][  ][  ][  ][  ][  ][  ][  ][  ][  ][  ][  ][  ][  ][  ][  ][  ][  ][  ][  ][  ][  ][  ][  ][  ][  ][  ][  ][  ][  ][  ][  ]
               0   1   2   3   4   5   6   7   8   9   10  11  12  13  14  15  16  17  18  19  20  21  22  23  24  25  26  27  28  29  30  31  32  33  34  35  36  37  38  39  40  41  42  43  44  45  46  47  48  49  50  51  52  53  54  55  56  57  58 

12567 - 12625 [  ][  ][  ][  ][  ][  ][  ][  ][  ][  ][  ][  ][  ][  ][  ][  ][  ][  ][  ][  ][  ][  ][  ][  ][  ][  ][  ][  ][  ][  ][  ][  ][  ][  ][  ][  ][  ][  ][  ][  ][  ][  ][  ][  ][  ][  ][  ][  ][  ][  ][  ][  ][  ][  ][  ][  ][  ][  ][  ]
               0   1   2   3   4   5   6   7   8   9   10  11  12  13  14  15  16  17  18  19  20  21  22  23  24  25  26  27  28  29  30  31  32  33  34  35  36  37  38  39  40  41  42  43  44  45  46  47  48  49  50  51  52  53  54  55  56  57  58 

12626 - 12684 [  ][  ][  ][  ][  ][  ][  ][  ][  ][  ][  ][  ][  ][  ][  ][  ][  ][  ][  ][  ][  ][  ][  ][  ][  ][  ][  ][  ][  ][  ][  ][  ][  ][  ][  ][  ][  ][  ][  ][  ][  ][  ][  ][  ][  ][  ][  ][  ][  ][  ][  ][  ][  ][  ][  ][  ][  ][  ][  ]
               0   1   2   3   4   5   6   7   8   9   10  11  12  13  14  15  16  17  18  19  20  21  22  23  24  25  26  27  28  29  30  31  32  33  34  35  36  37  38  39  40  41  42  43  44  45  46  47  48  49  50  51  52  53  54  55  56  57  58 

12685 - 12743 [  ][  ][  ][  ][  ][  ][  ][  ][  ][  ][  ][  ][  ][  ][  ][  ][  ][  ][  ][  ][  ][  ][  ][  ][  ][  ][  ][  ][  ][  ][  ][  ][  ][  ][  ][  ][  ][  ][  ][  ][  ][  ][  ][  ][  ][  ][  ][  ][  ][  ][  ][  ][  ][  ][  ][  ][  ][  ][  ]
               0   1   2   3   4   5   6   7   8   9   10  11  12  13  14  15  16  17  18  19  20  21  22  23  24  25  26  27  28  29  30  31  32  33  34  35  36  37  38  39  40  41  42  43  44  45  46  47  48  49  50  51  52  53  54  55  56  57  58 

12744 - 12802 [  ][  ][  ][  ][  ][  ][  ][  ][  ][  ][  ][  ][  ][  ][  ][  ][  ][  ][  ][  ][  ][  ][  ][  ][  ][  ][  ][  ][  ][  ][  ][  ][  ][  ][  ][  ][  ][  ][  ][  ][  ][  ][  ][  ][  ][  ][  ][  ][  ][  ][  ][  ][  ][  ][  ][  ][  ][  ][  ]
               0   1   2   3   4   5   6   7   8   9   10  11  12  13  14  15  16  17  18  19  20  21  22  23  24  25  26  27  28  29  30  31  32  33  34  35  36  37  38  39  40  41  42  43  44  45  46  47  48  49  50  51  52  53  54  55  56  57  58 

12803 - 12861 [  ][  ][  ][  ][  ][  ][  ][  ][  ][  ][  ][  ][  ][  ][  ][  ][  ][  ][  ][  ][  ][  ][  ][  ][  ][  ][  ][  ][  ][  ][  ][  ][  ][  ][  ][  ][  ][  ][  ][  ][  ][  ][  ][  ][  ][  ][  ][  ][  ][  ][  ][  ][  ][  ][  ][  ][  ][  ][  ]
               0   1   2   3   4   5   6   7   8   9   10  11  12  13  14  15  16  17  18  19  20  21  22  23  24  25  26  27  28  29  30  31  32  33  34  35  36  37  38  39  40  41  42  43  44  45  46  47  48  49  50  51  52  53  54  55  56  57  58 

12862 - 12920 [  ][  ][  ][  ][  ][  ][  ][  ][  ][  ][  ][  ][  ][  ][  ][  ][  ][  ][  ][  ][  ][  ][  ][  ][  ][  ][  ][  ][  ][  ][  ][  ][  ][  ][  ][  ][  ][  ][  ][  ][  ][  ][  ][  ][  ][  ][  ][  ][  ][  ][  ][  ][  ][  ][  ][  ][  ][  ][  ]
               0   1   2   3   4   5   6   7   8   9   10  11  12  13  14  15  16  17  18  19  20  21  22  23  24  25  26  27  28  29  30  31  32  33  34  35  36  37  38  39  40  41  42  43  44  45  46  47  48  49  50  51  52  53  54  55  56  57  58 

12921 - 12979 [  ][  ][  ][  ][  ][  ][  ][  ][  ][  ][  ][  ][  ][  ][  ][  ][  ][  ][  ][  ][  ][  ][  ][  ][  ][  ][  ][  ][  ][  ][  ][  ][  ][  ][  ][  ][  ][  ][  ][  ][  ][  ][  ][  ][  ][  ][  ][  ][  ][  ][  ][  ][  ][  ][  ][  ][  ][  ][  ]
               0   1   2   3   4   5   6   7   8   9   10  11  12  13  14  15  16  17  18  19  20  21  22  23  24  25  26  27  28  29  30  31  32  33  34  35  36  37  38  39  40  41  42  43  44  45  46  47  48  49  50  51  52  53  54  55  56  57  58 

12980 - 13038 [  ][  ][  ][  ][  ][  ][  ][  ][  ][  ][  ][  ][  ][  ][  ][  ][  ][  ][  ][  ][  ][  ][  ][  ][  ][  ][  ][  ][  ][  ][  ][  ][  ][  ][  ][  ][  ][  ][  ][  ][  ][  ][  ][  ][  ][  ][  ][  ][  ][  ][  ][  ][  ][  ][  ][  ][  ][  ][  ]
               0   1   2   3   4   5   6   7   8   9   10  11  12  13  14  15  16  17  18  19  20  21  22  23  24  25  26  27  28  29  30  31  32  33  34  35  36  37  38  39  40  41  42  43  44  45  46  47  48  49  50  51  52  53  54  55  56  57  58 

13039 - 13097 [  ][  ][  ][  ][  ][  ][  ][  ][  ][  ][  ][  ][  ][  ][  ][  ][  ][  ][  ][  ][  ][  ][  ][  ][  ][  ][  ][  ][  ][  ][  ][  ][  ][  ][  ][  ][  ][  ][  ][  ][  ][  ][  ][  ][  ][  ][  ][  ][  ][  ][  ][  ][  ][  ][  ][  ][  ][  ][  ]
               0   1   2   3   4   5   6   7   8   9   10  11  12  13  14  15  16  17  18  19  20  21  22  23  24  25  26  27  28  29  30  31  32  33  34  35  36  37  38  39  40  41  42  43  44  45  46  47  48  49  50  51  52  53  54  55  56  57  58 

13098 - 13156 [  ][  ][  ][  ][  ][  ][  ][  ][  ][  ][  ][  ][  ][  ][  ][  ][  ][  ][  ][  ][  ][  ][  ][  ][  ][  ][  ][  ][  ][  ][  ][  ][  ][  ][  ][  ][  ][  ][  ][  ][  ][  ][  ][  ][  ][  ][  ][  ][  ][  ][  ][  ][  ][  ][  ][  ][  ][  ][  ]
               0   1   2   3   4   5   6   7   8   9   10  11  12  13  14  15  16  17  18  19  20  21  22  23  24  25  26  27  28  29  30  31  32  33  34  35  36  37  38  39  40  41  42  43  44  45  46  47  48  49  50  51  52  53  54  55  56  57  58 

13157 - 13215 [  ][  ][  ][  ][  ][  ][  ][  ][  ][  ][  ][  ][  ][  ][  ][  ][  ][  ][  ][  ][  ][  ][  ][  ][  ][  ][  ][  ][  ][  ][  ][  ][  ][  ][  ][  ][  ][  ][  ][  ][  ][  ][  ][  ][  ][  ][  ][  ][  ][  ][  ][  ][  ][  ][  ][  ][  ][  ][  ]
               0   1   2   3   4   5   6   7   8   9   10  11  12  13  14  15  16  17  18  19  20  21  22  23  24  25  26  27  28  29  30  31  32  33  34  35  36  37  38  39  40  41  42  43  44  45  46  47  48  49  50  51  52  53  54  55  56  57  58 

13216 - 13274 [  ][  ][  ][  ][  ][  ][  ][  ][  ][  ][  ][  ][  ][  ][  ][  ][  ][  ][  ][  ][  ][  ][  ][  ][  ][  ][  ][  ][  ][  ][  ][  ][  ][  ][  ][  ][  ][  ][  ][  ][  ][  ][  ][  ][  ][  ][  ][  ][  ][  ][  ][  ][  ][  ][  ][  ][  ][  ][  ]
               0   1   2   3   4   5   6   7   8   9   10  11  12  13  14  15  16  17  18  19  20  21  22  23  24  25  26  27  28  29  30  31  32  33  34  35  36  37  38  39  40  41  42  43  44  45  46  47  48  49  50  51  52  53  54  55  56  57  58 

13275 - 13333 [  ][  ][  ][  ][  ][  ][  ][  ][  ][  ][  ][  ][  ][  ][  ][  ][  ][  ][  ][  ][  ][  ][  ][  ][  ][  ][  ][  ][  ][  ][  ][  ][  ][  ][  ][  ][  ][  ][  ][  ][  ][  ][  ][  ][  ][  ][  ][  ][  ][  ][  ][  ][  ][  ][  ][  ][  ][  ][  ]
               0   1   2   3   4   5   6   7   8   9   10  11  12  13  14  15  16  17  18  19  20  21  22  23  24  25  26  27  28  29  30  31  32  33  34  35  36  37  38  39  40  41  42  43  44  45  46  47  48  49  50  51  52  53  54  55  56  57  58 

13334 - 13392 [  ][  ][  ][  ][  ][  ][  ][  ][  ][  ][  ][  ][  ][  ][  ][  ][  ][  ][  ][  ][  ][  ][  ][  ][  ][  ][  ][  ][  ][  ][  ][  ][  ][  ][  ][  ][  ][  ][  ][  ][  ][  ][  ][  ][  ][  ][  ][  ][  ][  ][  ][  ][  ][  ][  ][  ][  ][  ][  ]
               0   1   2   3   4   5   6   7   8   9   10  11  12  13  14  15  16  17  18  19  20  21  22  23  24  25  26  27  28  29  30  31  32  33  34  35  36  37  38  39  40  41  42  43  44  45  46  47  48  49  50  51  52  53  54  55  56  57  58 

13393 - 13451 [  ][  ][  ][  ][  ][  ][  ][  ][  ][  ][  ][  ][  ][  ][  ][  ][  ][  ][  ][  ][  ][  ][  ][  ][  ][  ][  ][  ][  ][  ][  ][  ][  ][  ][  ][  ][  ][  ][  ][  ][  ][  ][  ][  ][  ][  ][  ][  ][  ][  ][  ][  ][  ][  ][  ][  ][  ][  ][  ]
               0   1   2   3   4   5   6   7   8   9   10  11  12  13  14  15  16  17  18  19  20  21  22  23  24  25  26  27  28  29  30  31  32  33  34  35  36  37  38  39  40  41  42  43  44  45  46  47  48  49  50  51  52  53  54  55  56  57  58 

13452 - 13510 [  ][  ][  ][  ][  ][  ][  ][  ][  ][  ][  ][  ][  ][  ][  ][  ][  ][  ][  ][  ][  ][  ][  ][  ][  ][  ][  ][  ][  ][  ][  ][  ][  ][  ][  ][  ][  ][  ][  ][  ][  ][  ][  ][  ][  ][  ][  ][  ][  ][  ][  ][  ][  ][  ][  ][  ][  ][  ][  ]
               0   1   2   3   4   5   6   7   8   9   10  11  12  13  14  15  16  17  18  19  20  21  22  23  24  25  26  27  28  29  30  31  32  33  34  35  36  37  38  39  40  41  42  43  44  45  46  47  48  49  50  51  52  53  54  55  56  57  58 

13511 - 13569 [  ][  ][  ][  ][  ][  ][  ][  ][  ][  ][  ][  ][  ][  ][  ][  ][  ][  ][  ][  ][  ][  ][  ][  ][  ][  ][  ][  ][  ][  ][  ][  ][  ][  ][  ][  ][  ][  ][  ][  ][  ][  ][  ][  ][  ][  ][  ][  ][  ][  ][  ][  ][  ][  ][  ][  ][  ][  ][  ]
               0   1   2   3   4   5   6   7   8   9   10  11  12  13  14  15  16  17  18  19  20  21  22  23  24  25  26  27  28  29  30  31  32  33  34  35  36  37  38  39  40  41  42  43  44  45  46  47  48  49  50  51  52  53  54  55  56  57  58 

13570 - 13628 [  ][  ][  ][  ][  ][  ][  ][  ][  ][  ][  ][  ][  ][  ][  ][  ][  ][  ][  ][  ][  ][  ][  ][  ][  ][  ][  ][  ][  ][  ][  ][  ][  ][  ][  ][  ][  ][  ][  ][  ][  ][  ][  ][  ][  ][  ][  ][  ][  ][  ][  ][  ][  ][  ][  ][  ][  ][  ][  ]
               0   1   2   3   4   5   6   7   8   9   10  11  12  13  14  15  16  17  18  19  20  21  22  23  24  25  26  27  28  29  30  31  32  33  34  35  36  37  38  39  40  41  42  43  44  45  46  47  48  49  50  51  52  53  54  55  56  57  58 

13629 - 13687 [  ][  ][  ][  ][  ][  ][  ][  ][  ][  ][  ][  ][  ][  ][  ][  ][  ][  ][  ][  ][  ][  ][  ][  ][  ][  ][  ][  ][  ][  ][  ][  ][  ][  ][  ][  ][  ][  ][  ][  ][  ][  ][  ][  ][  ][  ][  ][  ][  ][  ][  ][  ][  ][  ][  ][  ][  ][  ][  ]
               0   1   2   3   4   5   6   7   8   9   10  11  12  13  14  15  16  17  18  19  20  21  22  23  24  25  26  27  28  29  30  31  32  33  34  35  36  37  38  39  40  41  42  43  44  45  46  47  48  49  50  51  52  53  54  55  56  57  58 

13688 - 13746 [  ][  ][  ][  ][  ][  ][  ][  ][  ][  ][  ][  ][  ][  ][  ][  ][  ][  ][  ][  ][  ][  ][  ][  ][  ][  ][  ][  ][  ][  ][  ][  ][  ][  ][  ][  ][  ][  ][  ][  ][  ][  ][  ][  ][  ][  ][  ][  ][  ][  ][  ][  ][  ][  ][  ][  ][  ][  ][  ]
               0   1   2   3   4   5   6   7   8   9   10  11  12  13  14  15  16  17  18  19  20  21  22  23  24  25  26  27  28  29  30  31  32  33  34  35  36  37  38  39  40  41  42  43  44  45  46  47  48  49  50  51  52  53  54  55  56  57  58 

13747 - 13805 [  ][  ][  ][  ][  ][  ][  ][  ][  ][  ][  ][  ][  ][  ][  ][  ][  ][  ][  ][  ][  ][  ][  ][  ][  ][  ][  ][  ][  ][  ][  ][  ][  ][  ][  ][  ][  ][  ][  ][  ][  ][  ][  ][  ][  ][  ][  ][  ][  ][  ][  ][  ][  ][  ][  ][  ][  ][  ][  ]
               0   1   2   3   4   5   6   7   8   9   10  11  12  13  14  15  16  17  18  19  20  21  22  23  24  25  26  27  28  29  30  31  32  33  34  35  36  37  38  39  40  41  42  43  44  45  46  47  48  49  50  51  52  53  54  55  56  57  58 

13806 - 13864 [  ][  ][  ][  ][  ][  ][  ][  ][  ][  ][  ][  ][  ][  ][  ][  ][  ][  ][  ][  ][  ][  ][  ][  ][  ][  ][  ][  ][  ][  ][  ][  ][  ][  ][  ][  ][  ][  ][  ][  ][  ][  ][  ][  ][  ][  ][  ][  ][  ][  ][  ][  ][  ][  ][  ][  ][  ][  ][  ]
               0   1   2   3   4   5   6   7   8   9   10  11  12  13  14  15  16  17  18  19  20  21  22  23  24  25  26  27  28  29  30  31  32  33  34  35  36  37  38  39  40  41  42  43  44  45  46  47  48  49  50  51  52  53  54  55  56  57  58 

13865 - 13923 [  ][  ][  ][  ][  ][  ][  ][  ][  ][  ][  ][  ][  ][  ][  ][  ][  ][  ][  ][  ][  ][  ][  ][  ][  ][  ][  ][  ][  ][  ][  ][  ][  ][  ][  ][  ][  ][  ][  ][  ][  ][  ][  ][  ][  ][  ][  ][  ][  ][  ][  ][  ][  ][  ][  ][  ][  ][  ][  ]
               0   1   2   3   4   5   6   7   8   9   10  11  12  13  14  15  16  17  18  19  20  21  22  23  24  25  26  27  28  29  30  31  32  33  34  35  36  37  38  39  40  41  42  43  44  45  46  47  48  49  50  51  52  53  54  55  56  57  58 

13924 - 13982 [  ][  ][  ][  ][  ][  ][  ][  ][  ][  ][  ][  ][  ][  ][  ][  ][  ][  ][  ][  ][  ][  ][  ][  ][  ][  ][  ][  ][  ][  ][  ][  ][  ][  ][  ][  ][  ][  ][  ][  ][  ][  ][  ][  ][  ][  ][  ][  ][  ][  ][  ][  ][  ][  ][  ][  ][  ][  ][  ]
               0   1   2   3   4   5   6   7   8   9   10  11  12  13  14  15  16  17  18  19  20  21  22  23  24  25  26  27  28  29  30  31  32  33  34  35  36  37  38  39  40  41  42  43  44  45  46  47  48  49  50  51  52  53  54  55  56  57  58 

13983 - 14041 [  ][  ][  ][  ][  ][  ][  ][  ][  ][  ][  ][  ][  ][  ][  ][  ][  ][  ][  ][  ][  ][  ][  ][  ][  ][  ][  ][  ][  ][  ][  ][  ][  ][  ][  ][  ][  ][  ][  ][  ][  ][  ][  ][  ][  ][  ][  ][  ][  ][  ][  ][  ][  ][  ][  ][  ][  ][  ][  ]
               0   1   2   3   4   5   6   7   8   9   10  11  12  13  14  15  16  17  18  19  20  21  22  23  24  25  26  27  28  29  30  31  32  33  34  35  36  37  38  39  40  41  42  43  44  45  46  47  48  49  50  51  52  53  54  55  56  57  58 

14042 - 14100 [  ][  ][  ][  ][  ][  ][  ][  ][  ][  ][  ][  ][  ][  ][  ][  ][  ][  ][  ][  ][  ][  ][  ][  ][  ][  ][  ][  ][  ][  ][  ][  ][  ][  ][  ][  ][  ][  ][  ][  ][  ][  ][  ][  ][  ][  ][  ][  ][  ][  ][  ][  ][  ][  ][  ][  ][  ][  ][  ]
               0   1   2   3   4   5   6   7   8   9   10  11  12  13  14  15  16  17  18  19  20  21  22  23  24  25  26  27  28  29  30  31  32  33  34  35  36  37  38  39  40  41  42  43  44  45  46  47  48  49  50  51  52  53  54  55  56  57  58 

14101 - 14159 [  ][  ][  ][  ][  ][  ][  ][  ][  ][  ][  ][  ][  ][  ][  ][  ][  ][  ][  ][  ][  ][  ][  ][  ][  ][  ][  ][  ][  ][  ][  ][  ][  ][  ][  ][  ][  ][  ][  ][  ][  ][  ][  ][  ][  ][  ][  ][  ][  ][  ][  ][  ][  ][  ][  ][  ][  ][  ][  ]
               0   1   2   3   4   5   6   7   8   9   10  11  12  13  14  15  16  17  18  19  20  21  22  23  24  25  26  27  28  29  30  31  32  33  34  35  36  37  38  39  40  41  42  43  44  45  46  47  48  49  50  51  52  53  54  55  56  57  58 

14160 - 14218 [  ][  ][  ][  ][  ][  ][  ][  ][  ][  ][  ][  ][  ][  ][  ][  ][  ][  ][  ][  ][  ][  ][  ][  ][  ][  ][  ][  ][  ][  ][  ][  ][  ][  ][  ][  ][  ][  ][  ][  ][  ][  ][  ][  ][  ][  ][  ][  ][  ][  ][  ][  ][  ][  ][  ][  ][  ][  ][  ]
               0   1   2   3   4   5   6   7   8   9   10  11  12  13  14  15  16  17  18  19  20  21  22  23  24  25  26  27  28  29  30  31  32  33  34  35  36  37  38  39  40  41  42  43  44  45  46  47  48  49  50  51  52  53  54  55  56  57  58 

14219 - 14277 [  ][  ][  ][  ][  ][  ][  ][  ][  ][  ][  ][  ][  ][  ][  ][  ][  ][  ][  ][  ][  ][  ][  ][  ][  ][  ][  ][  ][  ][  ][  ][  ][  ][  ][  ][  ][  ][  ][  ][  ][  ][  ][  ][  ][  ][  ][  ][  ][  ][  ][  ][  ][  ][  ][  ][  ][  ][  ][  ]
               0   1   2   3   4   5   6   7   8   9   10  11  12  13  14  15  16  17  18  19  20  21  22  23  24  25  26  27  28  29  30  31  32  33  34  35  36  37  38  39  40  41  42  43  44  45  46  47  48  49  50  51  52  53  54  55  56  57  58 

14278 - 14336 [  ][  ][  ][  ][  ][  ][  ][  ][  ][  ][  ][  ][  ][  ][  ][  ][  ][  ][  ][  ][  ][  ][  ][  ][  ][  ][  ][  ][  ][  ][  ][  ][  ][  ][  ][  ][  ][  ][  ][  ][  ][  ][  ][  ][  ][  ][  ][  ][  ][  ][  ][  ][  ][  ][  ][  ][  ][  ][  ]
               0   1   2   3   4   5   6   7   8   9   10  11  12  13  14  15  16  17  18  19  20  21  22  23  24  25  26  27  28  29  30  31  32  33  34  35  36  37  38  39  40  41  42  43  44  45  46  47  48  49  50  51  52  53  54  55  56  57  58 

14337 - 14395 [  ][  ][  ][  ][  ][  ][  ][  ][  ][  ][  ][  ][  ][  ][  ][  ][  ][  ][  ][  ][  ][  ][  ][  ][  ][  ][  ][  ][  ][  ][  ][  ][  ][  ][  ][  ][  ][  ][  ][  ][  ][  ][  ][  ][  ][  ][  ][  ][  ][  ][  ][  ][  ][  ][  ][  ][  ][  ][  ]
               0   1   2   3   4   5   6   7   8   9   10  11  12  13  14  15  16  17  18  19  20  21  22  23  24  25  26  27  28  29  30  31  32  33  34  35  36  37  38  39  40  41  42  43  44  45  46  47  48  49  50  51  52  53  54  55  56  57  58 

14396 - 14454 [  ][  ][  ][  ][  ][  ][  ][  ][  ][  ][  ][  ][  ][  ][  ][  ][  ][  ][  ][  ][  ][  ][  ][  ][  ][  ][  ][  ][  ][  ][  ][  ][  ][  ][  ][  ][  ][  ][  ][  ][  ][  ][  ][  ][  ][  ][  ][  ][  ][  ][  ][  ][  ][  ][  ][  ][  ][  ][  ]
               0   1   2   3   4   5   6   7   8   9   10  11  12  13  14  15  16  17  18  19  20  21  22  23  24  25  26  27  28  29  30  31  32  33  34  35  36  37  38  39  40  41  42  43  44  45  46  47  48  49  50  51  52  53  54  55  56  57  58 

14455 - 14513 [  ][  ][  ][  ][  ][  ][  ][  ][  ][  ][  ][  ][  ][  ][  ][  ][  ][  ][  ][  ][  ][  ][  ][  ][  ][  ][  ][  ][  ][  ][  ][  ][  ][  ][  ][  ][  ][  ][  ][  ][  ][  ][  ][  ][  ][  ][  ][  ][  ][  ][  ][  ][  ][  ][  ][  ][  ][  ][  ]
               0   1   2   3   4   5   6   7   8   9   10  11  12  13  14  15  16  17  18  19  20  21  22  23  24  25  26  27  28  29  30  31  32  33  34  35  36  37  38  39  40  41  42  43  44  45  46  47  48  49  50  51  52  53  54  55  56  57  58 

14514 - 14572 [  ][  ][  ][  ][  ][  ][  ][  ][  ][  ][  ][  ][  ][  ][  ][  ][  ][  ][  ][  ][  ][  ][  ][  ][  ][  ][  ][  ][  ][  ][  ][  ][  ][  ][  ][  ][  ][  ][  ][  ][  ][  ][  ][  ][  ][  ][  ][  ][  ][  ][  ][  ][  ][  ][  ][  ][  ][  ][  ]
               0   1   2   3   4   5   6   7   8   9   10  11  12  13  14  15  16  17  18  19  20  21  22  23  24  25  26  27  28  29  30  31  32  33  34  35  36  37  38  39  40  41  42  43  44  45  46  47  48  49  50  51  52  53  54  55  56  57  58 

14573 - 14631 [  ][  ][  ][  ][  ][  ][  ][  ][  ][  ][  ][  ][  ][  ][  ][  ][  ][  ][  ][  ][  ][  ][  ][  ][  ][  ][  ][  ][  ][  ][  ][  ][  ][  ][  ][  ][  ][  ][  ][  ][  ][  ][  ][  ][  ][  ][  ][  ][  ][  ][  ][  ][  ][  ][  ][  ][  ][  ][  ]
               0   1   2   3   4   5   6   7   8   9   10  11  12  13  14  15  16  17  18  19  20  21  22  23  24  25  26  27  28  29  30  31  32  33  34  35  36  37  38  39  40  41  42  43  44  45  46  47  48  49  50  51  52  53  54  55  56  57  58 

14632 - 14690 [  ][  ][  ][  ][  ][  ][  ][  ][  ][  ][  ][  ][  ][  ][  ][  ][  ][  ][  ][  ][  ][  ][  ][  ][  ][  ][  ][  ][  ][  ][  ][  ][  ][  ][  ][  ][  ][  ][  ][  ][  ][  ][  ][  ][  ][  ][  ][  ][  ][  ][  ][  ][  ][  ][  ][  ][  ][  ][  ]
               0   1   2   3   4   5   6   7   8   9   10  11  12  13  14  15  16  17  18  19  20  21  22  23  24  25  26  27  28  29  30  31  32  33  34  35  36  37  38  39  40  41  42  43  44  45  46  47  48  49  50  51  52  53  54  55  56  57  58 

14691 - 14749 [  ][  ][  ][  ][  ][  ][  ][  ][  ][  ][  ][  ][  ][  ][  ][  ][  ][  ][  ][  ][  ][  ][  ][  ][  ][  ][  ][  ][  ][  ][  ][  ][  ][  ][  ][  ][  ][  ][  ][  ][  ][  ][  ][  ][  ][  ][  ][  ][  ][  ][  ][  ][  ][  ][  ][  ][  ][  ][  ]
               0   1   2   3   4   5   6   7   8   9   10  11  12  13  14  15  16  17  18  19  20  21  22  23  24  25  26  27  28  29  30  31  32  33  34  35  36  37  38  39  40  41  42  43  44  45  46  47  48  49  50  51  52  53  54  55  56  57  58 

14750 - 14808 [  ][  ][  ][  ][  ][  ][  ][  ][  ][  ][  ][  ][  ][  ][  ][  ][  ][  ][  ][  ][  ][  ][  ][  ][  ][  ][  ][  ][  ][  ][  ][  ][  ][  ][  ][  ][  ][  ][  ][  ][  ][  ][  ][  ][  ][  ][  ][  ][  ][  ][  ][  ][  ][  ][  ][  ][  ][  ][  ]
               0   1   2   3   4   5   6   7   8   9   10  11  12  13  14  15  16  17  18  19  20  21  22  23  24  25  26  27  28  29  30  31  32  33  34  35  36  37  38  39  40  41  42  43  44  45  46  47  48  49  50  51  52  53  54  55  56  57  58 

14809 - 14867 [  ][  ][  ][  ][  ][  ][  ][  ][  ][  ][  ][  ][  ][  ][  ][  ][  ][  ][  ][  ][  ][  ][  ][  ][  ][  ][  ][  ][  ][  ][  ][  ][  ][  ][  ][  ][  ][  ][  ][  ][  ][  ][  ][  ][  ][  ][  ][  ][  ][  ][  ][  ][  ][  ][  ][  ][  ][  ][  ]
               0   1   2   3   4   5   6   7   8   9   10  11  12  13  14  15  16  17  18  19  20  21  22  23  24  25  26  27  28  29  30  31  32  33  34  35  36  37  38  39  40  41  42  43  44  45  46  47  48  49  50  51  52  53  54  55  56  57  58 

14868 - 14926 [  ][  ][  ][  ][  ][  ][  ][  ][  ][  ][  ][  ][  ][  ][  ][  ][  ][  ][  ][  ][  ][  ][  ][  ][  ][  ][  ][  ][  ][  ][  ][  ][  ][  ][  ][  ][  ][  ][  ][  ][  ][  ][  ][  ][  ][  ][  ][  ][  ][  ][  ][  ][  ][  ][  ][  ][  ][  ][  ]
               0   1   2   3   4   5   6   7   8   9   10  11  12  13  14  15  16  17  18  19  20  21  22  23  24  25  26  27  28  29  30  31  32  33  34  35  36  37  38  39  40  41  42  43  44  45  46  47  48  49  50  51  52  53  54  55  56  57  58 

14927 - 14985 [  ][  ][  ][  ][  ][  ][  ][  ][  ][  ][  ][  ][  ][  ][  ][  ][  ][  ][  ][  ][  ][  ][  ][  ][  ][  ][  ][  ][  ][  ][  ][  ][  ][  ][  ][  ][  ][  ][  ][  ][  ][  ][  ][  ][  ][  ][  ][  ][  ][  ][  ][  ][  ][  ][  ][  ][  ][  ][  ]
               0   1   2   3   4   5   6   7   8   9   10  11  12  13  14  15  16  17  18  19  20  21  22  23  24  25  26  27  28  29  30  31  32  33  34  35  36  37  38  39  40  41  42  43  44  45  46  47  48  49  50  51  52  53  54  55  56  57  58 

14986 - 15044 [  ][  ][  ][  ][  ][  ][  ][  ][  ][  ][  ][  ][  ][  ][  ][  ][  ][  ][  ][  ][  ][  ][  ][  ][  ][  ][  ][  ][  ][  ][  ][  ][  ][  ][  ][  ][  ][  ][  ][  ][  ][  ][  ][  ][  ][  ][  ][  ][  ][  ][  ][  ][  ][  ][  ][  ][  ][  ][  ]
               0   1   2   3   4   5   6   7   8   9   10  11  12  13  14  15  16  17  18  19  20  21  22  23  24  25  26  27  28  29  30  31  32  33  34  35  36  37  38  39  40  41  42  43  44  45  46  47  48  49  50  51  52  53  54  55  56  57  58 

15045 - 15103 [  ][  ][  ][  ][  ][  ][  ][  ][  ][  ][  ][  ][  ][  ][  ][  ][  ][  ][  ][  ][  ][  ][  ][  ][  ][  ][  ][  ][  ][  ][  ][  ][  ][  ][  ][  ][  ][  ][  ][  ][  ][  ][  ][  ][  ][  ][  ][  ][  ][  ][  ][  ][  ][  ][  ][  ][  ][  ][  ]
               0   1   2   3   4   5   6   7   8   9   10  11  12  13  14  15  16  17  18  19  20  21  22  23  24  25  26  27  28  29  30  31  32  33  34  35  36  37  38  39  40  41  42  43  44  45  46  47  48  49  50  51  52  53  54  55  56  57  58 

15104 - 15162 [  ][  ][  ][  ][  ][  ][  ][  ][  ][  ][  ][  ][  ][  ][  ][  ][  ][  ][  ][  ][  ][  ][  ][  ][  ][  ][  ][  ][  ][  ][  ][  ][  ][  ][  ][  ][  ][  ][  ][  ][  ][  ][  ][  ][  ][  ][  ][  ][  ][  ][  ][  ][  ][  ][  ][  ][  ][  ][  ]
               0   1   2   3   4   5   6   7   8   9   10  11  12  13  14  15  16  17  18  19  20  21  22  23  24  25  26  27  28  29  30  31  32  33  34  35  36  37  38  39  40  41  42  43  44  45  46  47  48  49  50  51  52  53  54  55  56  57  58 

15163 - 15221 [  ][  ][  ][  ][  ][  ][  ][  ][  ][  ][  ][  ][  ][  ][  ][  ][  ][  ][  ][  ][  ][  ][  ][  ][  ][  ][  ][  ][  ][  ][  ][  ][  ][  ][  ][  ][  ][  ][  ][  ][  ][  ][  ][  ][  ][  ][  ][  ][  ][  ][  ][  ][  ][  ][  ][  ][  ][  ][  ]
               0   1   2   3   4   5   6   7   8   9   10  11  12  13  14  15  16  17  18  19  20  21  22  23  24  25  26  27  28  29  30  31  32  33  34  35  36  37  38  39  40  41  42  43  44  45  46  47  48  49  50  51  52  53  54  55  56  57  58 

15222 - 15280 [  ][  ][  ][  ][  ][  ][  ][  ][  ][  ][  ][  ][  ][  ][  ][  ][  ][  ][  ][  ][  ][  ][  ][  ][  ][  ][  ][  ][  ][  ][  ][  ][  ][  ][  ][  ][  ][  ][  ][  ][  ][  ][  ][  ][  ][  ][  ][  ][  ][  ][  ][  ][  ][  ][  ][  ][  ][  ][  ]
               0   1   2   3   4   5   6   7   8   9   10  11  12  13  14  15  16  17  18  19  20  21  22  23  24  25  26  27  28  29  30  31  32  33  34  35  36  37  38  39  40  41  42  43  44  45  46  47  48  49  50  51  52  53  54  55  56  57  58 

15281 - 15339 [  ][  ][  ][  ][  ][  ][  ][  ][  ][  ][  ][  ][  ][  ][  ][  ][  ][  ][  ][  ][  ][  ][  ][  ][  ][  ][  ][  ][  ][  ][  ][  ][  ][  ][  ][  ][  ][  ][  ][  ][  ][  ][  ][  ][  ][  ][  ][  ][  ][  ][  ][  ][  ][  ][  ][  ][  ][  ][  ]
               0   1   2   3   4   5   6   7   8   9   10  11  12  13  14  15  16  17  18  19  20  21  22  23  24  25  26  27  28  29  30  31  32  33  34  35  36  37  38  39  40  41  42  43  44  45  46  47  48  49  50  51  52  53  54  55  56  57  58 

15340 - 15398 [  ][  ][  ][  ][  ][  ][  ][  ][  ][  ][  ][  ][  ][  ][  ][  ][  ][  ][  ][  ][  ][  ][  ][  ][  ][  ][  ][  ][  ][  ][  ][  ][  ][  ][  ][  ][  ][  ][  ][  ][  ][  ][  ][  ][  ][  ][  ][  ][  ][  ][  ][  ][  ][  ][  ][  ][  ][  ][  ]
               0   1   2   3   4   5   6   7   8   9   10  11  12  13  14  15  16  17  18  19  20  21  22  23  24  25  26  27  28  29  30  31  32  33  34  35  36  37  38  39  40  41  42  43  44  45  46  47  48  49  50  51  52  53  54  55  56  57  58 

15399 - 15457 [  ][  ][  ][  ][  ][  ][  ][  ][  ][  ][  ][  ][  ][  ][  ][  ][  ][  ][  ][  ][  ][  ][  ][  ][  ][  ][  ][  ][  ][  ][  ][  ][  ][  ][  ][  ][  ][  ][  ][  ][  ][  ][  ][  ][  ][  ][  ][  ][  ][  ][  ][  ][  ][  ][  ][  ][  ][  ][  ]
               0   1   2   3   4   5   6   7   8   9   10  11  12  13  14  15  16  17  18  19  20  21  22  23  24  25  26  27  28  29  30  31  32  33  34  35  36  37  38  39  40  41  42  43  44  45  46  47  48  49  50  51  52  53  54  55  56  57  58 

15458 - 15516 [  ][  ][  ][  ][  ][  ][  ][  ][  ][  ][  ][  ][  ][  ][  ][  ][  ][  ][  ][  ][  ][  ][  ][  ][  ][  ][  ][  ][  ][  ][  ][  ][  ][  ][  ][  ][  ][  ][  ][  ][  ][  ][  ][  ][  ][  ][  ][  ][  ][  ][  ][  ][  ][  ][  ][  ][  ][  ][  ]
               0   1   2   3   4   5   6   7   8   9   10  11  12  13  14  15  16  17  18  19  20  21  22  23  24  25  26  27  28  29  30  31  32  33  34  35  36  37  38  39  40  41  42  43  44  45  46  47  48  49  50  51  52  53  54  55  56  57  58 

15517 - 15575 [  ][  ][  ][  ][  ][  ][  ][  ][  ][  ][  ][  ][  ][  ][  ][  ][  ][  ][  ][  ][  ][  ][  ][  ][  ][  ][  ][  ][  ][  ][  ][  ][  ][  ][  ][  ][  ][  ][  ][  ][  ][  ][  ][  ][  ][  ][  ][  ][  ][  ][  ][  ][  ][  ][  ][  ][  ][  ][  ]
               0   1   2   3   4   5   6   7   8   9   10  11  12  13  14  15  16  17  18  19  20  21  22  23  24  25  26  27  28  29  30  31  32  33  34  35  36  37  38  39  40  41  42  43  44  45  46  47  48  49  50  51  52  53  54  55  56  57  58 

15576 - 15634 [  ][  ][  ][  ][  ][  ][  ][  ][  ][  ][  ][  ][  ][  ][  ][  ][  ][  ][  ][  ][  ][  ][  ][  ][  ][  ][  ][  ][  ][  ][  ][  ][  ][  ][  ][  ][  ][  ][  ][  ][  ][  ][  ][  ][  ][  ][  ][  ][  ][  ][  ][  ][  ][  ][  ][  ][  ][  ][  ]
               0   1   2   3   4   5   6   7   8   9   10  11  12  13  14  15  16  17  18  19  20  21  22  23  24  25  26  27  28  29  30  31  32  33  34  35  36  37  38  39  40  41  42  43  44  45  46  47  48  49  50  51  52  53  54  55  56  57  58 

15635 - 15693 [  ][  ][  ][  ][  ][  ][  ][  ][  ][  ][  ][  ][  ][  ][  ][  ][  ][  ][  ][  ][  ][  ][  ][  ][  ][  ][  ][  ][  ][  ][  ][  ][  ][  ][  ][  ][  ][  ][  ][  ][  ][  ][  ][  ][  ][  ][  ][  ][  ][  ][  ][  ][  ][  ][  ][  ][  ][  ][  ]
               0   1   2   3   4   5   6   7   8   9   10  11  12  13  14  15  16  17  18  19  20  21  22  23  24  25  26  27  28  29  30  31  32  33  34  35  36  37  38  39  40  41  42  43  44  45  46  47  48  49  50  51  52  53  54  55  56  57  58 

15694 - 15752 [  ][  ][  ][  ][  ][  ][  ][  ][  ][  ][  ][  ][  ][  ][  ][  ][  ][  ][  ][  ][  ][  ][  ][  ][  ][  ][  ][  ][  ][  ][  ][  ][  ][  ][  ][  ][  ][  ][  ][  ][  ][  ][  ][  ][  ][  ][  ][  ][  ][  ][  ][  ][  ][  ][  ][  ][  ][  ][  ]
               0   1   2   3   4   5   6   7   8   9   10  11  12  13  14  15  16  17  18  19  20  21  22  23  24  25  26  27  28  29  30  31  32  33  34  35  36  37  38  39  40  41  42  43  44  45  46  47  48  49  50  51  52  53  54  55  56  57  58 

15753 - 15811 [  ][  ][  ][  ][  ][  ][  ][  ][  ][  ][  ][  ][  ][  ][  ][  ][  ][  ][  ][  ][  ][  ][  ][  ][  ][  ][  ][  ][  ][  ][  ][  ][  ][  ][  ][  ][  ][  ][  ][  ][  ][  ][  ][  ][  ][  ][  ][  ][  ][  ][  ][  ][  ][  ][  ][  ][  ][  ][  ]
               0   1   2   3   4   5   6   7   8   9   10  11  12  13  14  15  16  17  18  19  20  21  22  23  24  25  26  27  28  29  30  31  32  33  34  35  36  37  38  39  40  41  42  43  44  45  46  47  48  49  50  51  52  53  54  55  56  57  58 

15812 - 15870 [  ][  ][  ][  ][  ][  ][  ][  ][  ][  ][  ][  ][  ][  ][  ][  ][  ][  ][  ][  ][  ][  ][  ][  ][  ][  ][  ][  ][  ][  ][  ][  ][  ][  ][  ][  ][  ][  ][  ][  ][  ][  ][  ][  ][  ][  ][  ][  ][  ][  ][  ][  ][  ][  ][  ][  ][  ][  ][  ]
               0   1   2   3   4   5   6   7   8   9   10  11  12  13  14  15  16  17  18  19  20  21  22  23  24  25  26  27  28  29  30  31  32  33  34  35  36  37  38  39  40  41  42  43  44  45  46  47  48  49  50  51  52  53  54  55  56  57  58 

15871 - 15929 [  ][  ][  ][  ][  ][  ][  ][  ][  ][  ][  ][  ][  ][  ][  ][  ][  ][  ][  ][  ][  ][  ][  ][  ][  ][  ][  ][  ][  ][  ][  ][  ][  ][  ][  ][  ][  ][  ][  ][  ][  ][  ][  ][  ][  ][  ][  ][  ][  ][  ][  ][  ][  ][  ][  ][  ][  ][  ][  ]
               0   1   2   3   4   5   6   7   8   9   10  11  12  13  14  15  16  17  18  19  20  21  22  23  24  25  26  27  28  29  30  31  32  33  34  35  36  37  38  39  40  41  42  43  44  45  46  47  48  49  50  51  52  53  54  55  56  57  58 

15930 - 15988 [  ][  ][  ][  ][  ][  ][  ][  ][  ][  ][  ][  ][  ][  ][  ][  ][  ][  ][  ][  ][  ][  ][  ][  ][  ][  ][  ][  ][  ][  ][  ][  ][  ][  ][  ][  ][  ][  ][  ][  ][  ][  ][  ][  ][  ][  ][  ][  ][  ][  ][  ][  ][  ][  ][  ][  ][  ][  ][  ]
               0   1   2   3   4   5   6   7   8   9   10  11  12  13  14  15  16  17  18  19  20  21  22  23  24  25  26  27  28  29  30  31  32  33  34  35  36  37  38  39  40  41  42  43  44  45  46  47  48  49  50  51  52  53  54  55  56  57  58 

15989 - 16047 [  ][  ][  ][  ][  ][  ][  ][  ][  ][  ][  ][  ][  ][  ][  ][  ][  ][  ][  ][  ][  ][  ][  ][  ][  ][  ][  ][  ][  ][  ][  ][  ][  ][  ][  ][  ][  ][  ][  ][  ][  ][  ][  ][  ][  ][  ][  ][  ][  ][  ][  ][  ][  ][  ][  ][  ][  ][  ][  ]
               0   1   2   3   4   5   6   7   8   9   10  11  12  13  14  15  16  17  18  19  20  21  22  23  24  25  26  27  28  29  30  31  32  33  34  35  36  37  38  39  40  41  42  43  44  45  46  47  48  49  50  51  52  53  54  55  56  57  58 

16048 - 16106 [  ][  ][  ][  ][  ][  ][  ][  ][  ][  ][  ][  ][  ][  ][  ][  ][  ][  ][  ][  ][  ][  ][  ][  ][  ][  ][  ][  ][  ][  ][  ][  ][  ][  ][  ][  ][  ][  ][  ][  ][  ][  ][  ][  ][  ][  ][  ][  ][  ][  ][  ][  ][  ][  ][  ][  ][  ][  ][  ]
               0   1   2   3   4   5   6   7   8   9   10  11  12  13  14  15  16  17  18  19  20  21  22  23  24  25  26  27  28  29  30  31  32  33  34  35  36  37  38  39  40  41  42  43  44  45  46  47  48  49  50  51  52  53  54  55  56  57  58 

16107 - 16165 [  ][  ][  ][  ][  ][  ][  ][  ][  ][  ][  ][  ][  ][  ][  ][  ][  ][  ][  ][  ][  ][  ][  ][  ][  ][  ][  ][  ][  ][  ][  ][  ][  ][  ][  ][  ][  ][  ][  ][  ][  ][  ][  ][  ][  ][  ][  ][  ][  ][  ][  ][  ][  ][  ][  ][  ][  ][  ][  ]
               0   1   2   3   4   5   6   7   8   9   10  11  12  13  14  15  16  17  18  19  20  21  22  23  24  25  26  27  28  29  30  31  32  33  34  35  36  37  38  39  40  41  42  43  44  45  46  47  48  49  50  51  52  53  54  55  56  57  58 

16166 - 16224 [  ][  ][  ][  ][  ][  ][  ][  ][  ][  ][  ][  ][  ][  ][  ][  ][  ][  ][  ][  ][  ][  ][  ][  ][  ][  ][  ][  ][  ][  ][  ][  ][  ][  ][  ][  ][  ][  ][  ][  ][  ][  ][  ][  ][  ][  ][  ][  ][  ][  ][  ][  ][  ][  ][  ][  ][  ][  ][  ]
               0   1   2   3   4   5   6   7   8   9   10  11  12  13  14  15  16  17  18  19  20  21  22  23  24  25  26  27  28  29  30  31  32  33  34  35  36  37  38  39  40  41  42  43  44  45  46  47  48  49  50  51  52  53  54  55  56  57  58 

16225 - 16283 [  ][  ][  ][  ][  ][  ][  ][  ][  ][  ][  ][  ][  ][  ][  ][  ][  ][  ][  ][  ][  ][  ][  ][  ][  ][  ][  ][  ][  ][  ][  ][  ][  ][  ][  ][  ][  ][  ][  ][  ][  ][  ][  ][  ][  ][  ][  ][  ][  ][  ][  ][  ][  ][  ][  ][  ][  ][  ][  ]
               0   1   2   3   4   5   6   7   8   9   10  11  12  13  14  15  16  17  18  19  20  21  22  23  24  25  26  27  28  29  30  31  32  33  34  35  36  37  38  39  40  41  42  43  44  45  46  47  48  49  50  51  52  53  54  55  56  57  58 

16284 - 16342 [  ][  ][  ][  ][  ][  ][  ][  ][  ][  ][  ][  ][  ][  ][  ][  ][  ][  ][  ][  ][  ][  ][  ][  ][  ][  ][  ][  ][  ][  ][  ][  ][  ][  ][  ][  ][  ][  ][  ][  ][  ][  ][  ][  ][  ][  ][  ][  ][  ][  ][  ][  ][  ][  ][  ][  ][  ][  ][  ]
               0   1   2   3   4   5   6   7   8   9   10  11  12  13  14  15  16  17  18  19  20  21  22  23  24  25  26  27  28  29  30  31  32  33  34  35  36  37  38  39  40  41  42  43  44  45  46  47  48  49  50  51  52  53  54  55  56  57  58 

16343 - 16401 [  ][  ][  ][  ][  ][  ][  ][  ][  ][  ][  ][  ][  ][  ][  ][  ][  ][  ][  ][  ][  ][  ][  ][  ][  ][  ][  ][  ][  ][  ][  ][  ][  ][  ][  ][  ][  ][  ][  ][  ][  ][  ][  ][  ][  ][  ][  ][  ][  ][  ][  ][  ][  ][  ][  ][  ][  ][  ][  ]
               0   1   2   3   4   5   6   7   8   9   10  11  12  13  14  15  16  17  18  19  20  21  22  23  24  25  26  27  28  29  30  31  32  33  34  35  36  37  38  39  40  41  42  43  44  45  46  47  48  49  50  51  52  53  54  55  56  57  58 

16402 - 16460 [  ][  ][  ][  ][  ][  ][  ][  ][  ][  ][  ][  ][  ][  ][  ][  ][  ][  ][  ][  ][  ][  ][  ][  ][  ][  ][  ][  ][  ][  ][  ][  ][  ][  ][  ][  ][  ][  ][  ][  ][  ][  ][  ][  ][  ][  ][  ][  ][  ][  ][  ][  ][  ][  ][  ][  ][  ][  ][  ]
               0   1   2   3   4   5   6   7   8   9   10  11  12  13  14  15  16  17  18  19  20  21  22  23  24  25  26  27  28  29  30  31  32  33  34  35  36  37  38  39  40  41  42  43  44  45  46  47  48  49  50  51  52  53  54  55  56  57  58 

16461 - 16519 [  ][  ][  ][  ][  ][  ][  ][  ][  ][  ][  ][  ][  ][  ][  ][  ][  ][  ][  ][  ][  ][  ][  ][  ][  ][  ][  ][  ][  ][  ][  ][  ][  ][  ][  ][  ][  ][  ][  ][  ][  ][  ][  ][  ][  ][  ][  ][  ][  ][  ][  ][  ][  ][  ][  ][  ][  ][  ][  ]
               0   1   2   3   4   5   6   7   8   9   10  11  12  13  14  15  16  17  18  19  20  21  22  23  24  25  26  27  28  29  30  31  32  33  34  35  36  37  38  39  40  41  42  43  44  45  46  47  48  49  50  51  52  53  54  55  56  57  58 

16520 - 16578 [  ][  ][  ][  ][  ][  ][  ][  ][  ][  ][  ][  ][  ][  ][  ][  ][  ][  ][  ][  ][  ][  ][  ][  ][  ][  ][  ][  ][  ][  ][  ][  ][  ][  ][  ][  ][  ][  ][  ][  ][  ][  ][  ][  ][  ][  ][  ][  ][  ][  ][  ][  ][  ][  ][  ][  ][  ][  ][  ]
               0   1   2   3   4   5   6   7   8   9   10  11  12  13  14  15  16  17  18  19  20  21  22  23  24  25  26  27  28  29  30  31  32  33  34  35  36  37  38  39  40  41  42  43  44  45  46  47  48  49  50  51  52  53  54  55  56  57  58 

16579 - 16637 [  ][  ][  ][  ][  ][  ][  ][  ][  ][  ][  ][  ][  ][  ][  ][  ][  ][  ][  ][  ][  ][  ][  ][  ][  ][  ][  ][  ][  ][  ][  ][  ][  ][  ][  ][  ][  ][  ][  ][  ][  ][  ][  ][  ][  ][  ][  ][  ][  ][  ][  ][  ][  ][  ][  ][  ][  ][  ][  ]
               0   1   2   3   4   5   6   7   8   9   10  11  12  13  14  15  16  17  18  19  20  21  22  23  24  25  26  27  28  29  30  31  32  33  34  35  36  37  38  39  40  41  42  43  44  45  46  47  48  49  50  51  52  53  54  55  56  57  58 

16638 - 16696 [  ][  ][  ][  ][  ][  ][  ][  ][  ][  ][  ][  ][  ][  ][  ][  ][  ][  ][  ][  ][  ][  ][  ][  ][  ][  ][  ][  ][  ][  ][  ][  ][  ][  ][  ][  ][  ][  ][  ][  ][  ][  ][  ][  ][  ][  ][  ][  ][  ][  ][  ][  ][  ][  ][  ][  ][  ][  ][  ]
               0   1   2   3   4   5   6   7   8   9   10  11  12  13  14  15  16  17  18  19  20  21  22  23  24  25  26  27  28  29  30  31  32  33  34  35  36  37  38  39  40  41  42  43  44  45  46  47  48  49  50  51  52  53  54  55  56  57  58 

16697 - 16755 [  ][  ][  ][  ][  ][  ][  ][  ][  ][  ][  ][  ][  ][  ][  ][  ][  ][  ][  ][  ][  ][  ][  ][  ][  ][  ][  ][  ][  ][  ][  ][  ][  ][  ][  ][  ][  ][  ][  ][  ][  ][  ][  ][  ][  ][  ][  ][  ][  ][  ][  ][  ][  ][  ][  ][  ][  ][  ][  ]
               0   1   2   3   4   5   6   7   8   9   10  11  12  13  14  15  16  17  18  19  20  21  22  23  24  25  26  27  28  29  30  31  32  33  34  35  36  37  38  39  40  41  42  43  44  45  46  47  48  49  50  51  52  53  54  55  56  57  58 

16756 - 16814 [  ][  ][  ][  ][  ][  ][  ][  ][  ][  ][  ][  ][  ][  ][  ][  ][  ][  ][  ][  ][  ][  ][  ][  ][  ][  ][  ][  ][  ][  ][  ][  ][  ][  ][  ][  ][  ][  ][  ][  ][  ][  ][  ][  ][  ][  ][  ][  ][  ][  ][  ][  ][  ][  ][  ][  ][  ][  ][  ]
               0   1   2   3   4   5   6   7   8   9   10  11  12  13  14  15  16  17  18  19  20  21  22  23  24  25  26  27  28  29  30  31  32  33  34  35  36  37  38  39  40  41  42  43  44  45  46  47  48  49  50  51  52  53  54  55  56  57  58 

16815 - 16873 [  ][  ][  ][  ][  ][  ][  ][  ][  ][  ][  ][  ][  ][  ][  ][  ][  ][  ][  ][  ][  ][  ][  ][  ][  ][  ][  ][  ][  ][  ][  ][  ][  ][  ][  ][  ][  ][  ][  ][  ][  ][  ][  ][  ][  ][  ][  ][  ][  ][  ][  ][  ][  ][  ][  ][  ][  ][  ][  ]
               0   1   2   3   4   5   6   7   8   9   10  11  12  13  14  15  16  17  18  19  20  21  22  23  24  25  26  27  28  29  30  31  32  33  34  35  36  37  38  39  40  41  42  43  44  45  46  47  48  49  50  51  52  53  54  55  56  57  58 

16874 - 16932 [  ][  ][  ][  ][  ][  ][  ][  ][  ][  ][  ][  ][  ][  ][  ][  ][  ][  ][  ][  ][  ][  ][  ][  ][  ][  ][  ][  ][  ][  ][  ][  ][  ][  ][  ][  ][  ][  ][  ][  ][  ][  ][  ][  ][  ][  ][  ][  ][  ][  ][  ][  ][  ][  ][  ][  ][  ][  ][  ]
               0   1   2   3   4   5   6   7   8   9   10  11  12  13  14  15  16  17  18  19  20  21  22  23  24  25  26  27  28  29  30  31  32  33  34  35  36  37  38  39  40  41  42  43  44  45  46  47  48  49  50  51  52  53  54  55  56  57  58 

16933 - 16991 [  ][  ][  ][  ][  ][  ][  ][  ][  ][  ][  ][  ][  ][  ][  ][  ][  ][  ][  ][  ][  ][  ][  ][  ][  ][  ][  ][  ][  ][  ][  ][  ][  ][  ][  ][  ][  ][  ][  ][  ][  ][  ][  ][  ][  ][  ][  ][  ][  ][  ][  ][  ][  ][  ][  ][  ][  ][  ][  ]
               0   1   2   3   4   5   6   7   8   9   10  11  12  13  14  15  16  17  18  19  20  21  22  23  24  25  26  27  28  29  30  31  32  33  34  35  36  37  38  39  40  41  42  43  44  45  46  47  48  49  50  51  52  53  54  55  56  57  58 

16992 - 17050 [  ][  ][  ][  ][  ][  ][  ][  ][  ][  ][  ][  ][  ][  ][  ][  ][  ][  ][  ][  ][  ][  ][  ][  ][  ][  ][  ][  ][  ][  ][  ][  ][  ][  ][  ][  ][  ][  ][  ][  ][  ][  ][  ][  ][  ][  ][  ][  ][  ][  ][  ][  ][  ][  ][  ][  ][  ][  ][  ]
               0   1   2   3   4   5   6   7   8   9   10  11  12  13  14  15  16  17  18  19  20  21  22  23  24  25  26  27  28  29  30  31  32  33  34  35  36  37  38  39  40  41  42  43  44  45  46  47  48  49  50  51  52  53  54  55  56  57  58 

17051 - 17109 [  ][  ][  ][  ][  ][  ][  ][  ][  ][  ][  ][  ][  ][  ][  ][  ][  ][  ][  ][  ][  ][  ][  ][  ][  ][  ][  ][  ][  ][  ][  ][  ][  ][  ][  ][  ][  ][  ][  ][  ][  ][  ][  ][  ][  ][  ][  ][  ][  ][  ][  ][  ][  ][  ][  ][  ][  ][  ][  ]
               0   1   2   3   4   5   6   7   8   9   10  11  12  13  14  15  16  17  18  19  20  21  22  23  24  25  26  27  28  29  30  31  32  33  34  35  36  37  38  39  40  41  42  43  44  45  46  47  48  49  50  51  52  53  54  55  56  57  58 

17110 - 17168 [  ][  ][  ][  ][  ][  ][  ][  ][  ][  ][  ][  ][  ][  ][  ][  ][  ][  ][  ][  ][  ][  ][  ][  ][  ][  ][  ][  ][  ][  ][  ][  ][  ][  ][  ][  ][  ][  ][  ][  ][  ][  ][  ][  ][  ][  ][  ][  ][  ][  ][  ][  ][  ][  ][  ][  ][  ][  ][  ]
               0   1   2   3   4   5   6   7   8   9   10  11  12  13  14  15  16  17  18  19  20  21  22  23  24  25  26  27  28  29  30  31  32  33  34  35  36  37  38  39  40  41  42  43  44  45  46  47  48  49  50  51  52  53  54  55  56  57  58 

17169 - 17227 [  ][  ][  ][  ][  ][  ][  ][  ][  ][  ][  ][  ][  ][  ][  ][  ][  ][  ][  ][  ][  ][  ][  ][  ][  ][  ][  ][  ][  ][  ][  ][  ][  ][  ][  ][  ][  ][  ][  ][  ][  ][  ][  ][  ][  ][  ][  ][  ][  ][  ][  ][  ][  ][  ][  ][  ][  ][  ][  ]
               0   1   2   3   4   5   6   7   8   9   10  11  12  13  14  15  16  17  18  19  20  21  22  23  24  25  26  27  28  29  30  31  32  33  34  35  36  37  38  39  40  41  42  43  44  45  46  47  48  49  50  51  52  53  54  55  56  57  58 

17228 - 17286 [  ][  ][  ][  ][  ][  ][  ][  ][  ][  ][  ][  ][  ][  ][  ][  ][  ][  ][  ][  ][  ][  ][  ][  ][  ][  ][  ][  ][  ][  ][  ][  ][  ][  ][  ][  ][  ][  ][  ][  ][  ][  ][  ][  ][  ][  ][  ][  ][  ][  ][  ][  ][  ][  ][  ][  ][  ][  ][  ]
               0   1   2   3   4   5   6   7   8   9   10  11  12  13  14  15  16  17  18  19  20  21  22  23  24  25  26  27  28  29  30  31  32  33  34  35  36  37  38  39  40  41  42  43  44  45  46  47  48  49  50  51  52  53  54  55  56  57  58 

17287 - 17345 [  ][  ][  ][  ][  ][  ][  ][  ][  ][  ][  ][  ][  ][  ][  ][  ][  ][  ][  ][  ][  ][  ][  ][  ][  ][  ][  ][  ][  ][  ][  ][  ][  ][  ][  ][  ][  ][  ][  ][  ][  ][  ][  ][  ][  ][  ][  ][  ][  ][  ][  ][  ][  ][  ][  ][  ][  ][  ][  ]
               0   1   2   3   4   5   6   7   8   9   10  11  12  13  14  15  16  17  18  19  20  21  22  23  24  25  26  27  28  29  30  31  32  33  34  35  36  37  38  39  40  41  42  43  44  45  46  47  48  49  50  51  52  53  54  55  56  57  58 

17346 - 17404 [  ][  ][  ][  ][  ][  ][  ][  ][  ][  ][  ][  ][  ][  ][  ][  ][  ][  ][  ][  ][  ][  ][  ][  ][  ][  ][  ][  ][  ][  ][  ][  ][  ][  ][  ][  ][  ][  ][  ][  ][  ][  ][  ][  ][  ][  ][  ][  ][  ][  ][  ][  ][  ][  ][  ][  ][  ][  ][  ]
               0   1   2   3   4   5   6   7   8   9   10  11  12  13  14  15  16  17  18  19  20  21  22  23  24  25  26  27  28  29  30  31  32  33  34  35  36  37  38  39  40  41  42  43  44  45  46  47  48  49  50  51  52  53  54  55  56  57  58 

17405 - 17463 [  ][  ][  ][  ][  ][  ][  ][  ][  ][  ][  ][  ][  ][  ][  ][  ][  ][  ][  ][  ][  ][  ][  ][  ][  ][  ][  ][  ][  ][  ][  ][  ][  ][  ][  ][  ][  ][  ][  ][  ][  ][  ][  ][  ][  ][  ][  ][  ][  ][  ][  ][  ][  ][  ][  ][  ][  ][  ][  ]
               0   1   2   3   4   5   6   7   8   9   10  11  12  13  14  15  16  17  18  19  20  21  22  23  24  25  26  27  28  29  30  31  32  33  34  35  36  37  38  39  40  41  42  43  44  45  46  47  48  49  50  51  52  53  54  55  56  57  58 

17464 - 17522 [  ][  ][  ][  ][  ][  ][  ][  ][  ][  ][  ][  ][  ][  ][  ][  ][  ][  ][  ][  ][  ][  ][  ][  ][  ][  ][  ][  ][  ][  ][  ][  ][  ][  ][  ][  ][  ][  ][  ][  ][  ][  ][  ][  ][  ][  ][  ][  ][  ][  ][  ][  ][  ][  ][  ][  ][  ][  ][  ]
               0   1   2   3   4   5   6   7   8   9   10  11  12  13  14  15  16  17  18  19  20  21  22  23  24  25  26  27  28  29  30  31  32  33  34  35  36  37  38  39  40  41  42  43  44  45  46  47  48  49  50  51  52  53  54  55  56  57  58 


